placeId,locationConfidence,startTimestamp,endTimestamp,placeVisitImportance,placeVisitType,name,address,latitude,longitude,centerLat,centerLng,timezone,startTimestamp_local,endTimestamp_local,year,year_local,month,month_local,day,day_local,hour,hour_local,minute,minute_local,weekday,weekday_local,duration,duration_minutes
ChIJkT4EGUFhezURmFNNjUBhZdw,90.92843,2022-03-22 04:43:48.373000+00:00,2022-03-22 04:58:54.430000+00:00,MAIN,SINGLE_PLACE,Costco Wholesale - Gwangmyeong Branch,대한민국 경기도 광명시 일직로 40,37.4206838,126.8864277,37.4209062,126.8857615,Asia/Seoul,2022-03-22 13:43:48.373,2022-03-22 13:58:54.430,2022,2022,3,3,22,22,4,13,43,43,1,1,0 days 00:15:06.057000,15.100950000000001
ChIJiWKXIGxhezURSdDzm8-jpb0,62.741615,2022-03-22 05:13:59.902000+00:00,2022-03-22 09:05:29.333000+00:00,MAIN,SINGLE_PLACE,501 광명역세권휴먼시아5단지,대한민국 광명시 소하2동,37.4308554,126.8842593,37.4308827,126.8842659,Asia/Seoul,2022-03-22 14:13:59.902,2022-03-22 18:05:29.333,2022,2022,3,3,22,22,5,14,13,13,1,1,0 days 03:51:29.431000,231.49051666666668
ChIJpSngfJJhezUR4vBayRfOmIg,90.61637,2022-03-22 09:21:27.460000+00:00,2022-03-22 10:06:56.183000+00:00,MAIN,SINGLE_PLACE,NEWCORE Outlet,"대한민국 경기도 광명시 하안로287번길 8
KR",37.461151,126.8793193,37.4610619,126.8794106,Asia/Seoul,2022-03-22 18:21:27.460,2022-03-22 19:06:56.183,2022,2022,3,3,22,22,9,18,21,21,1,1,0 days 00:45:28.723000,45.478716666666664
ChIJiWKXIGxhezURSdDzm8-jpb0,63.874374,2022-03-22 10:23:48.522000+00:00,2022-03-24 00:24:02.330000+00:00,MAIN,SINGLE_PLACE,501 광명역세권휴먼시아5단지,대한민국 광명시 소하2동,37.4308554,126.8842593,37.4308941,126.8842648,Asia/Seoul,2022-03-22 19:23:48.522,2022-03-24 09:24:02.330,2022,2022,3,3,22,22,10,19,23,23,1,1,1 days 14:00:13.808000,2280.2301333333335
ChIJy1HUOTlhezURtlvsPRRBnHw,84.74379,2022-03-24 00:33:37.019000+00:00,2022-03-24 01:01:21.463000+00:00,MAIN,SINGLE_PLACE,충현근린공원,대한민국 경기도 광명시 소하2동 1068-3,37.432157,126.8787593,37.4323219,126.8787438,Asia/Seoul,2022-03-24 09:33:37.019,2022-03-24 10:01:21.463,2022,2022,3,3,24,24,0,9,33,33,3,3,0 days 00:27:44.444000,27.740733333333335
ChIJiWKXIGxhezURSdDzm8-jpb0,64.89203,2022-03-24 01:09:56.481000+00:00,2022-03-25 08:26:11.023000+00:00,MAIN,SINGLE_PLACE,501 광명역세권휴먼시아5단지,대한민국 광명시 소하2동,37.4308554,126.8842593,37.4309431,126.8841985,Asia/Seoul,2022-03-24 10:09:56.481,2022-03-25 17:26:11.023,2022,2022,3,3,24,24,1,10,9,9,3,3,1 days 07:16:14.542000,1876.2423666666666
ChIJiWKXIGxhezURSdDzm8-jpb0,74.9706,2022-03-25 09:42:25.999000+00:00,2022-03-27 05:10:00.782000+00:00,MAIN,SINGLE_PLACE,501 광명역세권휴먼시아5단지,대한민국 광명시 소하2동,37.4308554,126.8842593,37.4308789,126.8842587,Asia/Seoul,2022-03-25 18:42:25.999,2022-03-27 14:10:00.782,2022,2022,3,3,25,25,9,18,42,42,4,4,1 days 19:27:34.783000,2607.5797166666666
ChIJn5eRaL1hezURoGHUwdAFqsI,56.95112,2022-03-27 05:35:38.572000+00:00,2022-03-27 05:54:49.498000+00:00,MAIN,SINGLE_PLACE,AK플라자 광명점,대한민국 경기도 광명시 일직동 양지로 17,37.4189097,126.8828764,37.4182609,126.8828636,Asia/Seoul,2022-03-27 14:35:38.572,2022-03-27 14:54:49.498,2022,2022,3,3,27,27,5,14,35,35,6,6,0 days 00:19:10.926000,19.182100000000002
ChIJ-X-A6g9iezURwYQJtzP-4ls,92.91345,2022-03-27 06:22:38.398000+00:00,2022-03-27 06:32:47.477000+00:00,MAIN,SINGLE_PLACE,세계로마트 광명소하점,대한민국 경기도 광명시 오리로 350,37.4336631,126.8795904,37.4331643,126.8800929,Asia/Seoul,2022-03-27 15:22:38.398,2022-03-27 15:32:47.477,2022,2022,3,3,27,27,6,15,22,22,6,6,0 days 00:10:09.079000,10.151316666666668
ChIJiWKXIGxhezURSdDzm8-jpb0,62.262726,2022-03-27 06:38:20.405000+00:00,2022-03-27 23:49:44.598000+00:00,MAIN,SINGLE_PLACE,501 광명역세권휴먼시아5단지,대한민국 광명시 소하2동,37.4308554,126.8842593,37.4308852,126.8841678,Asia/Seoul,2022-03-27 15:38:20.405,2022-03-28 08:49:44.598,2022,2022,3,3,27,27,6,15,38,38,6,6,0 days 17:11:24.193000,1031.4032166666668
ChIJQQMYIeJjezURmjWlDv243gI,91.047516,2022-03-28 00:24:07+00:00,2022-03-28 00:36:55.999000+00:00,MAIN,SINGLE_PLACE,Gwangmyeong Cave,대한민국 경기도 광명시 학온동 가학로85번길 142,37.4264944,126.8664843,37.4267924,126.8649106,Asia/Seoul,2022-03-28 09:24:07.000,2022-03-28 09:36:55.999,2022,2022,3,3,28,28,0,9,24,24,0,0,0 days 00:12:48.999000,12.816650000000001
ChIJiWKXIGxhezURSdDzm8-jpb0,69.60003,2022-03-28 02:18:21.619000+00:00,2022-03-29 06:29:01.803000+00:00,MAIN,SINGLE_PLACE,501 광명역세권휴먼시아5단지,대한민국 광명시 소하2동,37.4308554,126.8842593,37.4309025,126.884235,Asia/Seoul,2022-03-28 11:18:21.619,2022-03-29 15:29:01.803,2022,2022,3,3,28,28,2,11,18,18,0,0,1 days 04:10:40.184000,1690.6697333333334
ChIJy1HUOTlhezURtlvsPRRBnHw,70.20347,2022-03-29 06:35:59.658000+00:00,2022-03-29 06:42:33.297000+00:00,MAIN,SINGLE_PLACE,충현근린공원,대한민국 경기도 광명시 소하2동 1068-3,37.432157,126.8787593,37.4324643,126.8788871,Asia/Seoul,2022-03-29 15:35:59.658,2022-03-29 15:42:33.297,2022,2022,3,3,29,29,6,15,35,35,1,1,0 days 00:06:33.639000,6.56065
ChIJiWKXIGxhezURSdDzm8-jpb0,69.26152,2022-03-29 06:46:05.997000+00:00,2022-04-05 06:44:09+00:00,MAIN,SINGLE_PLACE,501 광명역세권휴먼시아5단지,대한민국 광명시 소하2동,37.4308554,126.8842593,37.430891,126.8841629,Asia/Seoul,2022-03-29 15:46:05.997,2022-04-05 15:44:09.000,2022,2022,3,3,29,29,6,15,46,46,1,1,6 days 23:58:03.003000,10078.05005
ChIJiWKXIGxhezURSdDzm8-jpb0,67.393326,2022-04-05 07:36:54+00:00,2022-04-06 06:39:21.737000+00:00,MAIN,SINGLE_PLACE,501 광명역세권휴먼시아5단지,대한민국 광명시 소하2동,37.4308554,126.8842593,37.4308675,126.8841417,Asia/Seoul,2022-04-05 16:36:54.000,2022-04-06 15:39:21.737,2022,2022,4,4,5,5,7,16,36,36,1,1,0 days 23:02:27.737000,1382.4622833333335
ChIJkT4EGUFhezURmFNNjUBhZdw,93.729034,2022-04-06 06:54:09.182000+00:00,2022-04-06 07:09:49.395000+00:00,MAIN,SINGLE_PLACE,Costco Wholesale - Gwangmyeong Branch,대한민국 경기도 광명시 일직로 40,37.4206838,126.8864277,37.421221,126.885743,Asia/Seoul,2022-04-06 15:54:09.182,2022-04-06 16:09:49.395,2022,2022,4,4,6,6,6,15,54,54,2,2,0 days 00:15:40.213000,15.670216666666668
ChIJiWKXIGxhezURSdDzm8-jpb0,67.21524,2022-04-06 07:24:31.218000+00:00,2022-04-07 06:41:48.261000+00:00,MAIN,SINGLE_PLACE,501 광명역세권휴먼시아5단지,대한민국 광명시 소하2동,37.4308554,126.8842593,37.4309184,126.8841839,Asia/Seoul,2022-04-06 16:24:31.218,2022-04-07 15:41:48.261,2022,2022,4,4,6,6,7,16,24,24,2,2,0 days 23:17:17.043000,1397.28405
ChIJ1Wf3E3phezUR7tR759eYiLo,97.13714,2022-04-07 06:48:24.822000+00:00,2022-04-07 07:48:06.272000+00:00,MAIN,SINGLE_PLACE,Soha 2-dong Community Service Center,대한민국 경기도 광명시 소하2동 성채로 52,37.4320718,126.8801051,37.432138,126.8802844,Asia/Seoul,2022-04-07 15:48:24.822,2022-04-07 16:48:06.272,2022,2022,4,4,7,7,6,15,48,48,3,3,0 days 00:59:41.450000,59.69083333333334
ChIJiWKXIGxhezURSdDzm8-jpb0,70.63831,2022-04-07 07:51:11.372000+00:00,2022-04-07 09:10:49.974000+00:00,MAIN,SINGLE_PLACE,501 광명역세권휴먼시아5단지,대한민국 광명시 소하2동,37.4308554,126.8842593,37.4310176,126.8840699,Asia/Seoul,2022-04-07 16:51:11.372,2022-04-07 18:10:49.974,2022,2022,4,4,7,7,7,16,51,51,3,3,0 days 01:19:38.602000,79.64336666666667
ChIJAQAAAKFhezUR0EP4jMA2Vss,94.293335,2022-04-07 09:30:01.424000+00:00,2022-04-07 09:47:55.171000+00:00,MAIN,SINGLE_PLACE,롯데슈퍼 광명소하점,,37.4484295,126.8920004,37.4484756,126.8919222,Asia/Seoul,2022-04-07 18:30:01.424,2022-04-07 18:47:55.171,2022,2022,4,4,7,7,9,18,30,30,3,3,0 days 00:17:53.747000,17.895783333333334
ChIJiWKXIGxhezURSdDzm8-jpb0,67.21315,2022-04-07 10:01:02.445000+00:00,2022-04-08 10:36:08.576000+00:00,MAIN,SINGLE_PLACE,501 광명역세권휴먼시아5단지,대한민국 광명시 소하2동,37.4308554,126.8842593,37.4308753,126.8842013,Asia/Seoul,2022-04-07 19:01:02.445,2022-04-08 19:36:08.576,2022,2022,4,4,7,7,10,19,1,1,3,3,1 days 00:35:06.131000,1475.1021833333334
ChIJiWKXIGxhezURSdDzm8-jpb0,67.49907,2022-04-08 11:09:55.622000+00:00,2022-04-09 00:41:39.870000+00:00,MAIN,SINGLE_PLACE,501 광명역세권휴먼시아5단지,대한민국 광명시 소하2동,37.4308554,126.8842593,37.4308096,126.8843714,Asia/Seoul,2022-04-08 20:09:55.622,2022-04-09 09:41:39.870,2022,2022,4,4,8,8,11,20,9,9,4,4,0 days 13:31:44.248000,811.7374666666667
ChIJz3TYfyNhezURMlQX2atTEbk,30.33175,2022-04-09 01:28:46.336000+00:00,2022-04-09 02:29:15.483000+00:00,MAIN,SINGLE_PLACE,Gwangmyeong Station U-Planet Desian,대한민국 경기도 광명시 양지로 7,37.4189588,126.8814896,37.4192684,126.8832131,Asia/Seoul,2022-04-09 10:28:46.336,2022-04-09 11:29:15.483,2022,2022,4,4,9,9,1,10,28,28,5,5,0 days 01:00:29.147000,60.48578333333334
ChIJpVT-WLBlezURI2UitKht3Ck,98.19835,2022-04-09 03:12:24.670000+00:00,2022-04-09 03:31:24.547000+00:00,MAIN,SINGLE_PLACE,안산농협 연꽃 로컬푸드,대한민국 경기도 시흥시 목감동 동서로 770,37.3843602,126.830933,37.3841446,126.8307985,Asia/Seoul,2022-04-09 12:12:24.670,2022-04-09 12:31:24.547,2022,2022,4,4,9,9,3,12,12,12,5,5,0 days 00:18:59.877000,18.997950000000003
ChIJiWKXIGxhezURSdDzm8-jpb0,63.246727,2022-04-09 03:56:19.489000+00:00,2022-04-10 00:39:42.273000+00:00,MAIN,SINGLE_PLACE,501 광명역세권휴먼시아5단지,대한민국 광명시 소하2동,37.4308554,126.8842593,37.4308288,126.8842864,Asia/Seoul,2022-04-09 12:56:19.489,2022-04-10 09:39:42.273,2022,2022,4,4,9,9,3,12,56,56,5,5,0 days 20:43:22.784000,1243.3797333333334
ChIJuyzbnM5vezURJ8Cj4GKvM6M,39.382328,2022-04-10 01:26:34+00:00,2022-04-10 01:48:55.414000+00:00,MAIN,SINGLE_PLACE,Gunja Traditional Market,대한민국 안산시,37.331836,126.796142,37.33232,126.7963871,Asia/Seoul,2022-04-10 10:26:34.000,2022-04-10 10:48:55.414,2022,2022,4,4,10,10,1,10,26,26,6,6,0 days 00:22:21.414000,22.3569
ChIJiWKXIGxhezURSdDzm8-jpb0,53.79473,2022-04-10 02:18:50.961000+00:00,2022-04-10 06:46:17.656000+00:00,MAIN,SINGLE_PLACE,501 광명역세권휴먼시아5단지,대한민국 광명시 소하2동,37.4308554,126.8842593,37.4311458,126.8840692,Asia/Seoul,2022-04-10 11:18:50.961,2022-04-10 15:46:17.656,2022,2022,4,4,10,10,2,11,18,18,6,6,0 days 04:27:26.695000,267.4449166666667
ChIJGRP2COBjezURFTeDOMhS4ec,38.024246,2022-04-10 07:18:23.484000+00:00,2022-04-10 07:50:01.111000+00:00,MAIN,SINGLE_PLACE,폴바셋 광명 철산DT점,대한민국 경기도 광명시 철산3동,37.4760089,126.8645288,37.4759819,126.8650005,Asia/Seoul,2022-04-10 16:18:23.484,2022-04-10 16:50:01.111,2022,2022,4,4,10,10,7,16,18,18,6,6,0 days 00:31:37.627000,31.62711666666667
ChIJiWKXIGxhezURSdDzm8-jpb0,59.864838,2022-04-10 08:11:51.874000+00:00,2022-04-12 03:04:49.730000+00:00,MAIN,SINGLE_PLACE,501 광명역세권휴먼시아5단지,대한민국 광명시 소하2동,37.4308554,126.8842593,37.430887,126.8842449,Asia/Seoul,2022-04-10 17:11:51.874,2022-04-12 12:04:49.730,2022,2022,4,4,10,10,8,17,11,11,6,6,1 days 18:52:57.856000,2572.964266666667
ChIJkT4EGUFhezURmFNNjUBhZdw,92.56238,2022-04-12 03:18:48.424000+00:00,2022-04-12 04:12:09.419000+00:00,MAIN,SINGLE_PLACE,Costco Wholesale - Gwangmyeong Branch,대한민국 경기도 광명시 일직로 40,37.4206838,126.8864277,37.4207844,126.8857915,Asia/Seoul,2022-04-12 12:18:48.424,2022-04-12 13:12:09.419,2022,2022,4,4,12,12,3,12,18,18,1,1,0 days 00:53:20.995000,53.34991666666667
ChIJiWKXIGxhezURSdDzm8-jpb0,63.231094,2022-04-12 04:30:43.290000+00:00,2022-04-12 09:07:08.682000+00:00,MAIN,SINGLE_PLACE,501 광명역세권휴먼시아5단지,대한민국 광명시 소하2동,37.4308554,126.8842593,37.4308538,126.8841559,Asia/Seoul,2022-04-12 13:30:43.290,2022-04-12 18:07:08.682,2022,2022,4,4,12,12,4,13,30,30,1,1,0 days 04:36:25.392000,276.4232
ChIJiWKXIGxhezURSdDzm8-jpb0,68.07787,2022-04-12 09:39:14.759000+00:00,2022-04-13 00:11:44.169000+00:00,MAIN,SINGLE_PLACE,501 광명역세권휴먼시아5단지,대한민국 광명시 소하2동,37.4308554,126.8842593,37.4308519,126.8841675,Asia/Seoul,2022-04-12 18:39:14.759,2022-04-13 09:11:44.169,2022,2022,4,4,12,12,9,18,39,39,1,1,0 days 14:32:29.410000,872.4901666666667
ChIJiWKXIGxhezURSdDzm8-jpb0,71.02182,2022-04-13 01:44:57+00:00,2022-04-13 10:20:03.222000+00:00,MAIN,SINGLE_PLACE,501 광명역세권휴먼시아5단지,대한민국 광명시 소하2동,37.4308554,126.8842593,37.4308685,126.8841305,Asia/Seoul,2022-04-13 10:44:57.000,2022-04-13 19:20:03.222,2022,2022,4,4,13,13,1,10,44,44,2,2,0 days 08:35:06.222000,515.1037
ChIJiWKXIGxhezURSdDzm8-jpb0,74.01298,2022-04-13 10:57:09.725000+00:00,2022-04-13 23:46:29.624000+00:00,MAIN,SINGLE_PLACE,501 광명역세권휴먼시아5단지,대한민국 광명시 소하2동,37.4308554,126.8842593,37.4308357,126.8843795,Asia/Seoul,2022-04-13 19:57:09.725,2022-04-14 08:46:29.624,2022,2022,4,4,13,13,10,19,57,57,2,2,0 days 12:49:19.899000,769.3316500000001
ChIJQQMYIeJjezURmjWlDv243gI,91.76138,2022-04-14 00:21:06+00:00,2022-04-14 00:31:02.999000+00:00,MAIN,SINGLE_PLACE,Gwangmyeong Cave,대한민국 경기도 광명시 학온동 가학로85번길 142,37.4264944,126.8664843,37.4252723,126.8656631,Asia/Seoul,2022-04-14 09:21:06.000,2022-04-14 09:31:02.999,2022,2022,4,4,14,14,0,9,21,21,3,3,0 days 00:09:56.999000,9.949983333333334
ChIJiWKXIGxhezURSdDzm8-jpb0,58.110245,2022-04-14 01:00:12.999000+00:00,2022-04-15 04:20:16.448000+00:00,MAIN,SINGLE_PLACE,501 광명역세권휴먼시아5단지,대한민국 광명시 소하2동,37.4308554,126.8842593,37.4308747,126.884159,Asia/Seoul,2022-04-14 10:00:12.999,2022-04-15 13:20:16.448,2022,2022,4,4,14,14,1,10,0,0,3,3,1 days 03:20:03.449000,1640.0574833333335
ChIJ1Wf3E3phezUR7tR759eYiLo,53.051968,2022-04-15 04:53:47+00:00,2022-04-15 05:04:53+00:00,MAIN,SINGLE_PLACE,Soha 2-dong Community Service Center,대한민국 경기도 광명시 소하2동 성채로 52,37.4320718,126.8801051,37.4323808,126.8807183,Asia/Seoul,2022-04-15 13:53:47.000,2022-04-15 14:04:53.000,2022,2022,4,4,15,15,4,13,53,53,4,4,0 days 00:11:06,11.1
ChIJiWKXIGxhezURSdDzm8-jpb0,60.35487,2022-04-15 05:07:41.999000+00:00,2022-04-15 10:28:47.191000+00:00,MAIN,SINGLE_PLACE,501 광명역세권휴먼시아5단지,대한민국 광명시 소하2동,37.4308554,126.8842593,37.4308736,126.8841594,Asia/Seoul,2022-04-15 14:07:41.999,2022-04-15 19:28:47.191,2022,2022,4,4,15,15,5,14,7,7,4,4,0 days 05:21:05.192000,321.08653333333336
ChIJiWKXIGxhezURSdDzm8-jpb0,62.07124,2022-04-15 11:07:32.980000+00:00,2022-04-16 00:48:26.529000+00:00,MAIN,SINGLE_PLACE,501 광명역세권휴먼시아5단지,대한민국 광명시 소하2동,37.4308554,126.8842593,37.4308834,126.8841986,Asia/Seoul,2022-04-15 20:07:32.980,2022-04-16 09:48:26.529,2022,2022,4,4,15,15,11,20,7,7,4,4,0 days 13:40:53.549000,820.8924833333334
ChIJkT4EGUFhezURmFNNjUBhZdw,91.82851,2022-04-16 00:57:37.506000+00:00,2022-04-16 01:39:18.150000+00:00,MAIN,SINGLE_PLACE,Costco Wholesale - Gwangmyeong Branch,대한민국 경기도 광명시 일직로 40,37.4206838,126.8864277,37.4209076,126.8856726,Asia/Seoul,2022-04-16 09:57:37.506,2022-04-16 10:39:18.150,2022,2022,4,4,16,16,0,9,57,57,5,5,0 days 00:41:40.644000,41.677400000000006
ChIJCYvsb-1hezURY9Rfvju_b7c,62.601936,2022-04-16 01:55:06.033000+00:00,2022-04-16 05:10:36.536000+00:00,MAIN,SINGLE_PLACE,하안주공10단지,대한민국 경기도 광명시 하안로 320,37.4654898,126.8793431,37.4664889,126.8791153,Asia/Seoul,2022-04-16 10:55:06.033,2022-04-16 14:10:36.536,2022,2022,4,4,16,16,1,10,55,55,5,5,0 days 03:15:30.503000,195.50838333333334
ChIJiWKXIGxhezURSdDzm8-jpb0,62.090088,2022-04-16 06:06:11.594000+00:00,2022-04-16 06:41:14.576000+00:00,MAIN,SINGLE_PLACE,501 광명역세권휴먼시아5단지,대한민국 광명시 소하2동,37.4308554,126.8842593,37.4308979,126.8841936,Asia/Seoul,2022-04-16 15:06:11.594,2022-04-16 15:41:14.576,2022,2022,4,4,16,16,6,15,6,6,5,5,0 days 00:35:02.982000,35.0497
ChIJWej-f19hezUR9FDKpNTwbO8,47.381836,2022-04-16 07:33:09.632000+00:00,2022-04-16 07:43:03.916000+00:00,MAIN,SINGLE_PLACE,Gahagsan,대한민국 경기도 광명시 소하동 산132-2,37.4283937,126.8680943,37.4269987,126.8704212,Asia/Seoul,2022-04-16 16:33:09.632,2022-04-16 16:43:03.916,2022,2022,4,4,16,16,7,16,33,33,5,5,0 days 00:09:54.284000,9.904733333333333
ChIJiWKXIGxhezURSdDzm8-jpb0,63.34675,2022-04-16 08:01:41.807000+00:00,2022-04-17 00:35:33.927000+00:00,MAIN,SINGLE_PLACE,501 광명역세권휴먼시아5단지,대한민국 광명시 소하2동,37.4308554,126.8842593,37.4308944,126.8840708,Asia/Seoul,2022-04-16 17:01:41.807,2022-04-17 09:35:33.927,2022,2022,4,4,16,16,8,17,1,1,5,5,0 days 16:33:52.120000,993.8686666666667
ChIJiWKXIGxhezURSdDzm8-jpb0,42.13812,2022-04-17 01:15:04.541000+00:00,2022-04-17 02:52:22.170000+00:00,MAIN,SINGLE_PLACE,501 광명역세권휴먼시아5단지,대한민국 광명시 소하2동,37.4308554,126.8842593,37.430889,126.8841743,Asia/Seoul,2022-04-17 10:15:04.541,2022-04-17 11:52:22.170,2022,2022,4,4,17,17,1,10,15,15,6,6,0 days 01:37:17.629000,97.29381666666669
ChIJif2a9EFhezURHkD8egX3ht0,89.45317,2022-04-17 03:30:27.999000+00:00,2022-04-17 04:25:53.339000+00:00,MAIN,SINGLE_PLACE,LOTTE Mall Gwangmyeong,대한민국 경기도 광명시 일직로 17,37.4245517,126.8842226,37.4240322,126.8846151,Asia/Seoul,2022-04-17 12:30:27.999,2022-04-17 13:25:53.339,2022,2022,4,4,17,17,3,12,30,30,6,6,0 days 00:55:25.340000,55.422333333333334
ChIJiWKXIGxhezURSdDzm8-jpb0,56.113457,2022-04-17 04:35:11.598000+00:00,2022-04-17 07:40:37.434000+00:00,MAIN,SINGLE_PLACE,501 광명역세권휴먼시아5단지,대한민국 광명시 소하2동,37.4308554,126.8842593,37.430793,126.8842322,Asia/Seoul,2022-04-17 13:35:11.598,2022-04-17 16:40:37.434,2022,2022,4,4,17,17,4,13,35,35,6,6,0 days 03:05:25.836000,185.43060000000003
ChIJY0WA-xxiezURtwUVmRuUkHs,22.626442,2022-04-17 07:59:06.036000+00:00,2022-04-17 08:24:58.578000+00:00,MAIN,SINGLE_PLACE,Gwangmyeong Citizens' Center,대한민국 광명시,37.476199,126.865045,37.4757843,126.8654486,Asia/Seoul,2022-04-17 16:59:06.036,2022-04-17 17:24:58.578,2022,2022,4,4,17,17,7,16,59,59,6,6,0 days 00:25:52.542000,25.875700000000002
ChIJiWKXIGxhezURSdDzm8-jpb0,68.31028,2022-04-17 09:00:46.613000+00:00,2022-04-18 01:38:30+00:00,MAIN,SINGLE_PLACE,501 광명역세권휴먼시아5단지,대한민국 광명시 소하2동,37.4308554,126.8842593,37.430876,126.8841793,Asia/Seoul,2022-04-17 18:00:46.613,2022-04-18 10:38:30.000,2022,2022,4,4,17,17,9,18,0,0,6,6,0 days 16:37:43.387000,997.7231166666667
ChIJiWKXIGxhezURSdDzm8-jpb0,64.526596,2022-04-18 02:51:51+00:00,2022-04-19 09:49:44.499000+00:00,MAIN,SINGLE_PLACE,501 광명역세권휴먼시아5단지,대한민국 광명시 소하2동,37.4308554,126.8842593,37.4308898,126.8842498,Asia/Seoul,2022-04-18 11:51:51.000,2022-04-19 18:49:44.499,2022,2022,4,4,18,18,2,11,51,51,0,0,1 days 06:57:53.499000,1857.8916500000003
ChIJkT4EGUFhezURmFNNjUBhZdw,91.082855,2022-04-19 09:56:09.999000+00:00,2022-04-19 10:36:03.112000+00:00,MAIN,SINGLE_PLACE,Costco Wholesale - Gwangmyeong Branch,대한민국 경기도 광명시 일직로 40,37.4206838,126.8864277,37.420868,126.885816,Asia/Seoul,2022-04-19 18:56:09.999,2022-04-19 19:36:03.112,2022,2022,4,4,19,19,9,18,56,56,1,1,0 days 00:39:53.113000,39.88521666666667
ChIJiWKXIGxhezURSdDzm8-jpb0,64.30836,2022-04-19 10:51:31.467000+00:00,2022-04-23 03:52:09.707000+00:00,MAIN,SINGLE_PLACE,501 광명역세권휴먼시아5단지,대한민국 광명시 소하2동,37.4308554,126.8842593,37.4309505,126.8841732,Asia/Seoul,2022-04-19 19:51:31.467,2022-04-23 12:52:09.707,2022,2022,4,4,19,19,10,19,51,51,1,1,3 days 17:00:38.240000,5340.637333333334
ChIJn5eRaL1hezURoGHUwdAFqsI,91.114655,2022-04-23 04:13:16.545000+00:00,2022-04-23 05:48:02.121000+00:00,MAIN,SINGLE_PLACE,AK플라자 광명점,대한민국 경기도 광명시 일직동 양지로 17,37.4189097,126.8828764,37.418738,126.8830068,Asia/Seoul,2022-04-23 13:13:16.545,2022-04-23 14:48:02.121,2022,2022,4,4,23,23,4,13,13,13,5,5,0 days 01:34:45.576000,94.7596
ChIJkT4EGUFhezURmFNNjUBhZdw,96.3639,2022-04-23 05:55:17.484000+00:00,2022-04-23 06:14:19.492000+00:00,MAIN,SINGLE_PLACE,Costco Wholesale - Gwangmyeong Branch,대한민국 경기도 광명시 일직로 40,37.4206838,126.8864277,37.4208746,126.8857574,Asia/Seoul,2022-04-23 14:55:17.484,2022-04-23 15:14:19.492,2022,2022,4,4,23,23,5,14,55,55,5,5,0 days 00:19:02.008000,19.033466666666666
ChIJiWKXIGxhezURSdDzm8-jpb0,63.022488,2022-04-23 06:27:13.485000+00:00,2022-04-24 02:34:46.851000+00:00,MAIN,SINGLE_PLACE,501 광명역세권휴먼시아5단지,대한민국 광명시 소하2동,37.4308554,126.8842593,37.4308167,126.8842922,Asia/Seoul,2022-04-23 15:27:13.485,2022-04-24 11:34:46.851,2022,2022,4,4,23,23,6,15,27,27,5,5,0 days 20:07:33.366000,1207.5561000000002
ChIJQQMYIeJjezURmjWlDv243gI,91.46168,2022-04-24 03:14:23.541000+00:00,2022-04-24 03:26:33.055000+00:00,MAIN,SINGLE_PLACE,Gwangmyeong Cave,대한민국 경기도 광명시 학온동 가학로85번길 142,37.4264944,126.8664843,37.4263325,126.86528,Asia/Seoul,2022-04-24 12:14:23.541,2022-04-24 12:26:33.055,2022,2022,4,4,24,24,3,12,14,14,6,6,0 days 00:12:09.514000,12.158566666666667
ChIJiWKXIGxhezURSdDzm8-jpb0,53.834118,2022-04-24 04:02:13.445000+00:00,2022-04-24 05:41:17.534000+00:00,MAIN,SINGLE_PLACE,501 광명역세권휴먼시아5단지,대한민국 광명시 소하2동,37.4308554,126.8842593,37.4309008,126.8842058,Asia/Seoul,2022-04-24 13:02:13.445,2022-04-24 14:41:17.534,2022,2022,4,4,24,24,4,13,2,2,6,6,0 days 01:39:04.089000,99.06815
ChIJEYqBsXFhezUR0exSWfYyE7k,20.853277,2022-04-24 05:48:43.999000+00:00,2022-04-24 06:18:42.637000+00:00,MAIN,SINGLE_PLACE,참이맛뼈다귀,,37.4365406,126.8818635,37.4363713,126.8817953,Asia/Seoul,2022-04-24 14:48:43.999,2022-04-24 15:18:42.637,2022,2022,4,4,24,24,5,14,48,48,6,6,0 days 00:29:58.638000,29.977300000000003
ChIJiWKXIGxhezURSdDzm8-jpb0,62.240475,2022-04-24 06:28:13.570000+00:00,2022-04-26 10:41:42.173000+00:00,MAIN,SINGLE_PLACE,501 광명역세권휴먼시아5단지,대한민국 광명시 소하2동,37.4308554,126.8842593,37.4308143,126.8842905,Asia/Seoul,2022-04-24 15:28:13.570,2022-04-26 19:41:42.173,2022,2022,4,4,24,24,6,15,28,28,6,6,2 days 04:13:28.603000,3133.4767166666666
ChIJkT4EGUFhezURmFNNjUBhZdw,90.74354,2022-04-26 10:57:16.666000+00:00,2022-04-26 11:12:12.357000+00:00,MAIN,SINGLE_PLACE,Costco Wholesale - Gwangmyeong Branch,대한민국 경기도 광명시 일직로 40,37.4206838,126.8864277,37.4210343,126.8858179,Asia/Seoul,2022-04-26 19:57:16.666,2022-04-26 20:12:12.357,2022,2022,4,4,26,26,10,19,57,57,1,1,0 days 00:14:55.691000,14.928183333333333
ChIJiWKXIGxhezURSdDzm8-jpb0,64.81623,2022-04-26 11:26:03.258000+00:00,2022-04-30 01:06:50.999000+00:00,MAIN,SINGLE_PLACE,501 광명역세권휴먼시아5단지,대한민국 광명시 소하2동,37.4308554,126.8842593,37.4308938,126.8842378,Asia/Seoul,2022-04-26 20:26:03.258,2022-04-30 10:06:50.999,2022,2022,4,4,26,26,11,20,26,26,1,1,3 days 13:40:47.741000,5140.795683333334
ChIJQQMYIeJjezURmjWlDv243gI,80.07507,2022-04-30 01:06:50.999000+00:00,2022-04-30 02:48:08.410000+00:00,MAIN,SINGLE_PLACE,Gwangmyeong Cave,대한민국 경기도 광명시 학온동 가학로85번길 142,37.4264944,126.8664843,37.4269118,126.8646154,Asia/Seoul,2022-04-30 10:06:50.999,2022-04-30 11:48:08.410,2022,2022,4,4,30,30,1,10,6,6,5,5,0 days 01:41:17.411000,101.29018333333333
ChIJiWKXIGxhezURSdDzm8-jpb0,61.109543,2022-04-30 03:36:16.149000+00:00,2022-05-01 01:04:51.136000+00:00,MAIN,SINGLE_PLACE,501 광명역세권휴먼시아5단지,대한민국 광명시 소하2동,37.4308554,126.8842593,37.430879,126.8841556,Asia/Seoul,2022-04-30 12:36:16.149,2022-05-01 10:04:51.136,2022,2022,4,4,30,30,3,12,36,36,5,5,0 days 21:28:34.987000,1288.583116666667
ChIJif2a9EFhezURHkD8egX3ht0,92.76103,2022-06-01 04:09:25.241000+00:00,2022-06-01 04:25:43.246000+00:00,MAIN,SINGLE_PLACE,LOTTE Mall Gwangmyeong,대한민국 경기도 광명시 일직로 17,37.4245517,126.8842226,37.4240258,126.8845429,Asia/Seoul,2022-06-01 13:09:25.241,2022-06-01 13:25:43.246,2022,2022,6,6,1,1,4,13,9,9,2,2,0 days 00:16:18.005000,16.300083333333337
ChIJiWKXIGxhezURSdDzm8-jpb0,59.260548,2022-06-01 04:36:48.439000+00:00,2022-06-01 09:06:40.297000+00:00,MAIN,SINGLE_PLACE,501 광명역세권휴먼시아5단지,대한민국 광명시 소하2동,37.4308554,126.8842593,37.4308324,126.8841548,Asia/Seoul,2022-06-01 13:36:48.439,2022-06-01 18:06:40.297,2022,2022,6,6,1,1,4,13,36,36,2,2,0 days 04:29:51.858000,269.8643
ChIJWej-f19hezUR9FDKpNTwbO8,85.387825,2022-06-01 09:56:20.747000+00:00,2022-06-01 10:02:06.770000+00:00,MAIN,SINGLE_PLACE,Gahagsan,대한민국 경기도 광명시 소하동 산132-2,37.4283937,126.8680943,37.4271775,126.87048,Asia/Seoul,2022-06-01 18:56:20.747,2022-06-01 19:02:06.770,2022,2022,6,6,1,1,9,18,56,56,2,2,0 days 00:05:46.023000,5.76705
ChIJiWKXIGxhezURSdDzm8-jpb0,74.06647,2022-06-01 10:21:24.945000+00:00,2022-06-02 23:14:19.100000+00:00,MAIN,SINGLE_PLACE,501 광명역세권휴먼시아5단지,대한민국 광명시 소하2동,37.4308554,126.8842593,37.4308519,126.8841385,Asia/Seoul,2022-06-01 19:21:24.945,2022-06-03 08:14:19.100,2022,2022,6,6,1,1,10,19,21,21,2,2,1 days 12:52:54.155000,2212.9025833333335
ChIJ3Sey7a-ofDURam8Ne0dOt3A,24.226772,2022-06-02 23:56:19+00:00,2022-06-03 03:36:30.471000+00:00,MAIN,SINGLE_PLACE,가천대학교 기숙사,대한민국 성남시 복정동,37.4543291,127.1354574,37.4552468,127.1341155,Asia/Seoul,2022-06-03 08:56:19.000,2022-06-03 12:36:30.471,2022,2022,6,6,2,3,23,8,56,56,3,4,0 days 03:40:11.471000,220.19118333333336
ChIJ3QtO1eKnfDURCvgaST3sO-o,98.571815,2022-06-03 04:10:10.600000+00:00,2022-06-03 05:05:51.856000+00:00,MAIN,SINGLE_PLACE,부안애서,대한민국 서울특별시 서초구 내곡동 청계산로 223,37.4456961,127.0574552,37.4456807,127.0575771,Asia/Seoul,2022-06-03 13:10:10.600,2022-06-03 14:05:51.856,2022,2022,6,6,3,3,4,13,10,10,4,4,0 days 00:55:41.256000,55.6876
ChIJLfEW1c6nfDURpvA7T_7CHtA,98.99509,2022-06-03 05:11:16.172000+00:00,2022-06-03 06:17:04.685000+00:00,MAIN,SINGLE_PLACE,Second Clock,대한민국 서울특별시 서초구 내곡동 청룡마을길 41,37.4486053,127.0585206,37.4486241,127.0585981,Asia/Seoul,2022-06-03 14:11:16.172,2022-06-03 15:17:04.685,2022,2022,6,6,3,3,5,14,11,11,4,4,0 days 01:05:48.513000,65.80855000000001
ChIJiWKXIGxhezURSdDzm8-jpb0,67.86739,2022-06-03 07:05:40.901000+00:00,2022-06-03 09:35:45.623000+00:00,MAIN,SINGLE_PLACE,501 광명역세권휴먼시아5단지,대한민국 광명시 소하2동,37.4308554,126.8842593,37.4308515,126.8842046,Asia/Seoul,2022-06-03 16:05:40.901,2022-06-03 18:35:45.623,2022,2022,6,6,3,3,7,16,5,5,4,4,0 days 02:30:04.722000,150.0787
ChIJif2a9EFhezURHkD8egX3ht0,91.93354,2022-06-03 10:30:55.883000+00:00,2022-06-03 11:27:34.985000+00:00,MAIN,SINGLE_PLACE,LOTTE Mall Gwangmyeong,대한민국 경기도 광명시 일직로 17,37.4245517,126.8842226,37.4236763,126.8846244,Asia/Seoul,2022-06-03 19:30:55.883,2022-06-03 20:27:34.985,2022,2022,6,6,3,3,10,19,30,30,4,4,0 days 00:56:39.102000,56.651700000000005
ChIJiWKXIGxhezURSdDzm8-jpb0,64.8156,2022-06-03 11:42:45.080000+00:00,2022-06-04 03:13:18.090000+00:00,MAIN,SINGLE_PLACE,501 광명역세권휴먼시아5단지,대한민국 광명시 소하2동,37.4308554,126.8842593,37.4308778,126.8840991,Asia/Seoul,2022-06-03 20:42:45.080,2022-06-04 12:13:18.090,2022,2022,6,6,3,3,11,20,42,42,4,4,0 days 15:30:33.010000,930.5501666666667
ChIJN2zdnZ5hezUREl23D21bt6c,96.483116,2022-06-04 03:41:26.871000+00:00,2022-06-04 04:59:28.989000+00:00,MAIN,SINGLE_PLACE,Emart Gwangmyeong Soha,대한민국 경기도 광명시 소하동 소하로 97,37.4466589,126.8845654,37.4466346,126.8845435,Asia/Seoul,2022-06-04 12:41:26.871,2022-06-04 13:59:28.989,2022,2022,6,6,4,4,3,12,41,41,5,5,0 days 01:18:02.118000,78.0353
ChIJiWKXIGxhezURSdDzm8-jpb0,58.217136,2022-06-04 05:14:24.065000+00:00,2022-06-04 23:53:55.098000+00:00,MAIN,SINGLE_PLACE,501 광명역세권휴먼시아5단지,대한민국 광명시 소하2동,37.4308554,126.8842593,37.4308771,126.884205,Asia/Seoul,2022-06-04 14:14:24.065,2022-06-05 08:53:55.098,2022,2022,6,6,4,4,5,14,14,14,5,5,0 days 18:39:31.033000,1119.5172166666669
ChIJQQMYIeJjezURmjWlDv243gI,88.95047,2022-06-05 00:31:13.999000+00:00,2022-06-05 01:08:48.323000+00:00,MAIN,SINGLE_PLACE,Gwangmyeong Cave,대한민국 경기도 광명시 학온동 가학로85번길 142,37.4264944,126.8664843,37.426922,126.8646008,Asia/Seoul,2022-06-05 09:31:13.999,2022-06-05 10:08:48.323,2022,2022,6,6,5,5,0,9,31,31,6,6,0 days 00:37:34.324000,37.572066666666665
ChIJiWKXIGxhezURSdDzm8-jpb0,68.42202,2022-06-05 01:50:53.271000+00:00,2022-06-05 11:24:14.518000+00:00,MAIN,SINGLE_PLACE,501 광명역세권휴먼시아5단지,대한민국 광명시 소하2동,37.4308554,126.8842593,37.4308932,126.88406,Asia/Seoul,2022-06-05 10:50:53.271,2022-06-05 20:24:14.518,2022,2022,6,6,5,5,1,10,50,50,6,6,0 days 09:33:21.247000,573.3541166666668
ChIJiWKXIGxhezURSdDzm8-jpb0,65.849396,2022-06-05 11:50:01.043000+00:00,2022-06-06 00:46:01.841000+00:00,MAIN,SINGLE_PLACE,501 광명역세권휴먼시아5단지,대한민국 광명시 소하2동,37.4308554,126.8842593,37.430912,126.8841351,Asia/Seoul,2022-06-05 20:50:01.043,2022-06-06 09:46:01.841,2022,2022,6,6,5,5,11,20,50,50,6,6,0 days 12:56:00.798000,776.0133000000001
ChIJVwJW829hezURambBObg3Tn4,95.63656,2022-06-06 01:00:08.672000+00:00,2022-06-06 05:14:35+00:00,MAIN,SINGLE_PLACE,스타벅스 광명소하DT점,대한민국 경기도 광명시 소하동 1077,37.4348248,126.8791749,37.4349204,126.8793836,Asia/Seoul,2022-06-06 10:00:08.672,2022-06-06 14:14:35.000,2022,2022,6,6,6,6,1,10,0,0,0,0,0 days 04:14:26.328000,254.43880000000001
ChIJiWKXIGxhezURSdDzm8-jpb0,66.277916,2022-06-06 05:21:28.609000+00:00,2022-06-06 08:43:26.722000+00:00,MAIN,SINGLE_PLACE,501 광명역세권휴먼시아5단지,대한민국 광명시 소하2동,37.4308554,126.8842593,37.4309294,126.8841328,Asia/Seoul,2022-06-06 14:21:28.609,2022-06-06 17:43:26.722,2022,2022,6,6,6,6,5,14,21,21,0,0,0 days 03:21:58.113000,201.96855000000002
ChIJiWKXIGxhezURSdDzm8-jpb0,66.43297,2022-06-06 10:26:00.267000+00:00,2022-06-07 22:54:55.887000+00:00,MAIN,SINGLE_PLACE,501 광명역세권휴먼시아5단지,대한민국 광명시 소하2동,37.4308554,126.8842593,37.4307695,126.8841531,Asia/Seoul,2022-06-06 19:26:00.267,2022-06-08 07:54:55.887,2022,2022,6,6,6,6,10,19,26,26,0,0,1 days 12:28:55.620000,2188.927
ChIJiWKXIGxhezURSdDzm8-jpb0,53.926678,2022-06-07 23:45:20.479000+00:00,2022-06-08 09:16:06.698000+00:00,MAIN,SINGLE_PLACE,501 광명역세권휴먼시아5단지,대한민국 광명시 소하2동,37.4308554,126.8842593,37.4308914,126.8842312,Asia/Seoul,2022-06-08 08:45:20.479,2022-06-08 18:16:06.698,2022,2022,6,6,7,8,23,8,45,45,1,2,0 days 09:30:46.219000,570.7703166666668
ChIJ_6chamhhezURQfOZsReDjBU,31.608374,2022-06-08 10:04:34.445000+00:00,2022-06-08 10:46:23.390000+00:00,MAIN,SINGLE_PLACE,국수나무 광명충현점,"대한민국 경기도 광명시 성채로 50번길
9-11 101호",37.4325969,126.8798556,37.4326991,126.880035,Asia/Seoul,2022-06-08 19:04:34.445,2022-06-08 19:46:23.390,2022,2022,6,6,8,8,10,19,4,4,2,2,0 days 00:41:48.945000,41.81575
ChIJiWKXIGxhezURSdDzm8-jpb0,66.447495,2022-06-08 11:01:55.644000+00:00,2022-06-09 00:47:11.233000+00:00,MAIN,SINGLE_PLACE,501 광명역세권휴먼시아5단지,대한민국 광명시 소하2동,37.4308554,126.8842593,37.430925,126.884104,Asia/Seoul,2022-06-08 20:01:55.644,2022-06-09 09:47:11.233,2022,2022,6,6,8,8,11,20,1,1,2,2,0 days 13:45:15.589000,825.2598166666667
ChIJEzxZfkZhezURBF7hCxWG7Qk,28.155725,2022-06-09 01:09:37.732000+00:00,2022-06-09 01:41:49.437000+00:00,MAIN,SINGLE_PLACE,KTX광명역1번출구,대한민국 광명시,37.417517,126.884323,37.41777,126.8846974,Asia/Seoul,2022-06-09 10:09:37.732,2022-06-09 10:41:49.437,2022,2022,6,6,9,9,1,10,9,9,3,3,0 days 00:32:11.705000,32.195083333333336
ChIJn5eRaL1hezURoGHUwdAFqsI,93.702736,2022-06-09 01:48:58.631000+00:00,2022-06-09 04:12:29.591000+00:00,MAIN,SINGLE_PLACE,AK플라자 광명점,대한민국 경기도 광명시 일직동 양지로 17,37.4189097,126.8828764,37.4188484,126.8828282,Asia/Seoul,2022-06-09 10:48:58.631,2022-06-09 13:12:29.591,2022,2022,6,6,9,9,1,10,48,48,3,3,0 days 02:23:30.960000,143.51600000000002
ChIJ-SUOB0RhezURJ9gVWW0ChyI,52.9504,2022-06-09 04:13:08.864000+00:00,2022-06-09 04:54:43.819000+00:00,MAIN,SINGLE_PLACE,컬러테크,대한민국 경기도 광명시 신기로 21,37.4203252,126.8837534,37.4204315,126.8837245,Asia/Seoul,2022-06-09 13:13:08.864,2022-06-09 13:54:43.819,2022,2022,6,6,9,9,4,13,13,13,3,3,0 days 00:41:34.955000,41.58258333333334
ChIJiWKXIGxhezURSdDzm8-jpb0,62.434196,2022-06-09 05:08:33.585000+00:00,2022-06-10 03:15:15.880000+00:00,MAIN,SINGLE_PLACE,501 광명역세권휴먼시아5단지,대한민국 광명시 소하2동,37.4308554,126.8842593,37.4308656,126.8841724,Asia/Seoul,2022-06-09 14:08:33.585,2022-06-10 12:15:15.880,2022,2022,6,6,9,9,5,14,8,8,3,3,0 days 22:06:42.295000,1326.7049166666666
ChIJEy2xgJ6ffDURJr2FD_LNqqM,29.388275,2022-06-10 03:51:10.054000+00:00,2022-06-10 06:16:19.392000+00:00,MAIN,SINGLE_PLACE,스타벅스 목동파리공원점,대한민국 서울특별시 양천구 목동 907-18,37.5352957,126.8788394,37.5352853,126.8791084,Asia/Seoul,2022-06-10 12:51:10.054,2022-06-10 15:16:19.392,2022,2022,6,6,10,10,3,12,51,51,4,4,0 days 02:25:09.338000,145.15563333333333
ChIJiWKXIGxhezURSdDzm8-jpb0,46.478893,2022-06-10 07:01:31.480000+00:00,2022-06-10 09:04:08.245000+00:00,MAIN,SINGLE_PLACE,501 광명역세권휴먼시아5단지,대한민국 광명시 소하2동,37.4308554,126.8842593,37.430929,126.8841348,Asia/Seoul,2022-06-10 16:01:31.480,2022-06-10 18:04:08.245,2022,2022,6,6,10,10,7,16,1,1,4,4,0 days 02:02:36.765000,122.61275
ChIJ3Ucr1mhhezURah8-ewzEiIc,51.589798,2022-06-10 09:07:01.446000+00:00,2022-06-10 10:11:50.558000+00:00,MAIN,SINGLE_PLACE,충현중학교,대한민국 경기도 광명시 소하2동 서원로 42,37.4301291,126.8817984,37.4292812,126.8818646,Asia/Seoul,2022-06-10 18:07:01.446,2022-06-10 19:11:50.558,2022,2022,6,6,10,10,9,18,7,7,4,4,0 days 01:04:49.112000,64.81853333333333
ChIJiWKXIGxhezURSdDzm8-jpb0,68.7599,2022-06-10 10:14:21.614000+00:00,2022-06-10 10:36:22.623000+00:00,MAIN,SINGLE_PLACE,501 광명역세권휴먼시아5단지,대한민국 광명시 소하2동,37.4308554,126.8842593,37.4305445,126.88411,Asia/Seoul,2022-06-10 19:14:21.614,2022-06-10 19:36:22.623,2022,2022,6,6,10,10,10,19,14,14,4,4,0 days 00:22:01.009000,22.016816666666667
ChIJiWKXIGxhezURSdDzm8-jpb0,58.05128,2022-06-10 11:12:06.799000+00:00,2022-06-11 09:44:29.839000+00:00,MAIN,SINGLE_PLACE,501 광명역세권휴먼시아5단지,대한민국 광명시 소하2동,37.4308554,126.8842593,37.4307385,126.8842248,Asia/Seoul,2022-06-10 20:12:06.799,2022-06-11 18:44:29.839,2022,2022,6,6,10,10,11,20,12,12,4,4,0 days 22:32:23.040000,1352.3840000000002
ChIJU3Blq4JhezURJLN9nb5PlNc,36.19351,2022-06-11 09:57:19.487000+00:00,2022-06-11 11:50:12.702000+00:00,MAIN,SINGLE_PLACE,오유미당(광명KTX점),대한민국 경기도 광명시 일직동 139,37.4211574,126.8831407,37.4213157,126.8832783,Asia/Seoul,2022-06-11 18:57:19.487,2022-06-11 20:50:12.702,2022,2022,6,6,11,11,9,18,57,57,5,5,0 days 01:52:53.215000,112.88691666666666
ChIJiWKXIGxhezURSdDzm8-jpb0,70.12545,2022-06-11 12:11:34.432000+00:00,2022-06-12 00:48:24.330000+00:00,MAIN,SINGLE_PLACE,501 광명역세권휴먼시아5단지,대한민국 광명시 소하2동,37.4308554,126.8842593,37.4308461,126.8841532,Asia/Seoul,2022-06-11 21:11:34.432,2022-06-12 09:48:24.330,2022,2022,6,6,11,11,12,21,11,11,5,5,0 days 12:36:49.898000,756.8316333333333
ChIJQQMYIeJjezURmjWlDv243gI,89.07979,2022-06-12 01:24:13.999000+00:00,2022-06-12 02:12:11+00:00,MAIN,SINGLE_PLACE,Gwangmyeong Cave,대한민국 경기도 광명시 학온동 가학로85번길 142,37.4264944,126.8664843,37.4270579,126.8643489,Asia/Seoul,2022-06-12 10:24:13.999,2022-06-12 11:12:11.000,2022,2022,6,6,12,12,1,10,24,24,6,6,0 days 00:47:57.001000,47.95001666666667
ChIJiWKXIGxhezURSdDzm8-jpb0,64.08585,2022-06-12 02:44:43.616000+00:00,2022-06-13 06:52:21.679000+00:00,MAIN,SINGLE_PLACE,501 광명역세권휴먼시아5단지,대한민국 광명시 소하2동,37.4308554,126.8842593,37.4308093,126.884205,Asia/Seoul,2022-06-12 11:44:43.616,2022-06-13 15:52:21.679,2022,2022,6,6,12,12,2,11,44,44,6,6,1 days 04:07:38.063000,1687.6343833333335
ChIJkT4EGUFhezURmFNNjUBhZdw,93.71843,2022-06-13 07:02:20.089000+00:00,2022-06-13 07:57:37.291000+00:00,MAIN,SINGLE_PLACE,Costco Wholesale - Gwangmyeong Branch,대한민국 경기도 광명시 일직로 40,37.4206838,126.8864277,37.4210319,126.8858438,Asia/Seoul,2022-06-13 16:02:20.089,2022-06-13 16:57:37.291,2022,2022,6,6,13,13,7,16,2,2,0,0,0 days 00:55:17.202000,55.2867
ChIJiWKXIGxhezURSdDzm8-jpb0,69.39879,2022-06-13 08:18:39.140000+00:00,2022-06-13 22:30:42.029000+00:00,MAIN,SINGLE_PLACE,501 광명역세권휴먼시아5단지,대한민국 광명시 소하2동,37.4308554,126.8842593,37.4308248,126.8842035,Asia/Seoul,2022-06-13 17:18:39.140,2022-06-14 07:30:42.029,2022,2022,6,6,13,13,8,17,18,18,0,0,0 days 14:12:02.889000,852.0481500000001
ChIJAbUX_WZhezUR3tMOiyitnso,89.69222,2022-06-13 22:39:41.428000+00:00,2022-06-13 22:47:14.303000+00:00,TRANSITIONAL,SINGLE_PLACE,Soha-dong Gwangmyeong Cave Entrance,대한민국 광명시,37.43042,126.875615,37.43058,126.8752967,Asia/Seoul,2022-06-14 07:39:41.428,2022-06-14 07:47:14.303,2022,2022,6,6,13,14,22,7,39,39,0,1,0 days 00:07:32.875000,7.547916666666667
ChIJiWKXIGxhezURSdDzm8-jpb0,56.168694,2022-06-13 23:02:47.836000+00:00,2022-06-14 07:49:29.890000+00:00,MAIN,SINGLE_PLACE,501 광명역세권휴먼시아5단지,대한민국 광명시 소하2동,37.4308554,126.8842593,37.4308338,126.8841335,Asia/Seoul,2022-06-14 08:02:47.836,2022-06-14 16:49:29.890,2022,2022,6,6,13,14,23,8,2,2,0,1,0 days 08:46:42.054000,526.7009
ChIJiWKXIGxhezURSdDzm8-jpb0,63.835735,2022-06-14 08:36:12+00:00,2022-06-14 21:53:45.220000+00:00,MAIN,SINGLE_PLACE,501 광명역세권휴먼시아5단지,대한민국 광명시 소하2동,37.4308554,126.8842593,37.4308597,126.8841661,Asia/Seoul,2022-06-14 17:36:12.000,2022-06-15 06:53:45.220,2022,2022,6,6,14,14,8,17,36,36,1,1,0 days 13:17:33.220000,797.5536666666667
ChIJiWKXIGxhezURSdDzm8-jpb0,57.681572,2022-06-14 22:28:09.229000+00:00,2022-06-16 07:21:12.889000+00:00,MAIN,SINGLE_PLACE,501 광명역세권휴먼시아5단지,대한민국 광명시 소하2동,37.4308554,126.8842593,37.4308172,126.8841381,Asia/Seoul,2022-06-15 07:28:09.229,2022-06-16 16:21:12.889,2022,2022,6,6,14,15,22,7,28,28,1,2,1 days 08:53:03.660000,1973.0610000000001
ChIJiWKXIGxhezURSdDzm8-jpb0,58.957363,2022-06-16 08:36:59.999000+00:00,2022-06-16 23:17:07.624000+00:00,MAIN,SINGLE_PLACE,501 광명역세권휴먼시아5단지,대한민국 광명시 소하2동,37.4308554,126.8842593,37.4308567,126.8840989,Asia/Seoul,2022-06-16 17:36:59.999,2022-06-17 08:17:07.624,2022,2022,6,6,16,16,8,17,36,36,3,3,0 days 14:40:07.625000,880.1270833333333
ChIJ3Sey7a-ofDURam8Ne0dOt3A,28.873331,2022-06-17 00:02:27.492000+00:00,2022-06-17 03:22:09.877000+00:00,MAIN,SINGLE_PLACE,가천대학교 기숙사,대한민국 성남시 복정동,37.4543291,127.1354574,37.455241,127.1341337,Asia/Seoul,2022-06-17 09:02:27.492,2022-06-17 12:22:09.877,2022,2022,6,6,17,17,0,9,2,2,4,4,0 days 03:19:42.385000,199.70641666666668
ChIJqyZJMSOnfDURm41Nl7E-B2g,88.61939,2022-06-17 03:50:40.164000+00:00,2022-06-17 04:15:14.604000+00:00,MAIN,SINGLE_PLACE,Gondrejip,대한민국 서울특별시 서초구 신원동 청룡마을1길 1,37.4453844,127.0577707,37.4458032,127.0578671,Asia/Seoul,2022-06-17 12:50:40.164,2022-06-17 13:15:14.604,2022,2022,6,6,17,17,3,12,50,50,4,4,0 days 00:24:34.440000,24.574
ChIJrVk8DSOnfDURSsKyOeU5Hvs,98.43337,2022-06-17 04:18:41.453000+00:00,2022-06-17 05:49:24.052000+00:00,MAIN,SINGLE_PLACE,SSS coffee,대한민국 서울특별시 서초구 신원동 210-2,37.4469375,127.0575625,37.4469868,127.0575916,Asia/Seoul,2022-06-17 13:18:41.453,2022-06-17 14:49:24.052,2022,2022,6,6,17,17,4,13,18,18,4,4,0 days 01:30:42.599000,90.70998333333334
ChIJiWKXIGxhezURSdDzm8-jpb0,51.778126,2022-06-17 06:50:09.350000+00:00,2022-06-17 10:35:12.817000+00:00,MAIN,SINGLE_PLACE,501 광명역세권휴먼시아5단지,대한민국 광명시 소하2동,37.4308554,126.8842593,37.4307958,126.8843006,Asia/Seoul,2022-06-17 15:50:09.350,2022-06-17 19:35:12.817,2022,2022,6,6,17,17,6,15,50,50,4,4,0 days 03:45:03.467000,225.05778333333333
ChIJiWKXIGxhezURSdDzm8-jpb0,59.60717,2022-06-17 11:10:46.756000+00:00,2022-06-18 00:04:57.467000+00:00,MAIN,SINGLE_PLACE,501 광명역세권휴먼시아5단지,대한민국 광명시 소하2동,37.4308554,126.8842593,37.4309237,126.884076,Asia/Seoul,2022-06-17 20:10:46.756,2022-06-18 09:04:57.467,2022,2022,6,6,17,17,11,20,10,10,4,4,0 days 12:54:10.711000,774.1785166666667
ChIJQQMYIeJjezURmjWlDv243gI,93.67421,2022-06-18 00:44:34.496000+00:00,2022-06-18 01:52:48.902000+00:00,MAIN,SINGLE_PLACE,Gwangmyeong Cave,대한민국 경기도 광명시 학온동 가학로85번길 142,37.4264944,126.8664843,37.4269589,126.8645696,Asia/Seoul,2022-06-18 09:44:34.496,2022-06-18 10:52:48.902,2022,2022,6,6,18,18,0,9,44,44,5,5,0 days 01:08:14.406000,68.24010000000001
ChIJiWKXIGxhezURSdDzm8-jpb0,62.465294,2022-06-18 02:33:32.633000+00:00,2022-06-18 08:43:45.768000+00:00,MAIN,SINGLE_PLACE,501 광명역세권휴먼시아5단지,대한민국 광명시 소하2동,37.4308554,126.8842593,37.4308138,126.8842224,Asia/Seoul,2022-06-18 11:33:32.633,2022-06-18 17:43:45.768,2022,2022,6,6,18,18,2,11,33,33,5,5,0 days 06:10:13.135000,370.2189166666667
ChIJ4S4_ySthezURbMLzvZDp19I,51.27672,2022-06-18 09:00:44.805000+00:00,2022-06-18 13:17:46.488000+00:00,MAIN,SINGLE_PLACE,광명 G-TOWER 지식산업센터,"대한민국 경기도 광명시 일직동 510-5
KR",37.4208421,126.8832191,37.4212419,126.8827169,Asia/Seoul,2022-06-18 18:00:44.805,2022-06-18 22:17:46.488,2022,2022,6,6,18,18,9,18,0,0,5,5,0 days 04:17:01.683000,257.02805
ChIJiWKXIGxhezURSdDzm8-jpb0,71.19501,2022-06-18 13:37:03.670000+00:00,2022-06-19 06:42:30.391000+00:00,MAIN,SINGLE_PLACE,501 광명역세권휴먼시아5단지,대한민국 광명시 소하2동,37.4308554,126.8842593,37.4307581,126.8843095,Asia/Seoul,2022-06-18 22:37:03.670,2022-06-19 15:42:30.391,2022,2022,6,6,18,18,13,22,37,37,5,5,0 days 17:05:26.721000,1025.4453500000002
ChIJif2a9EFhezURHkD8egX3ht0,92.96146,2022-06-19 06:52:00.424000+00:00,2022-06-19 08:50:27.849000+00:00,MAIN,SINGLE_PLACE,LOTTE Mall Gwangmyeong,대한민국 경기도 광명시 일직로 17,37.4245517,126.8842226,37.4239428,126.8845127,Asia/Seoul,2022-06-19 15:52:00.424,2022-06-19 17:50:27.849,2022,2022,6,6,19,19,6,15,52,52,6,6,0 days 01:58:27.425000,118.45708333333333
ChIJiWKXIGxhezURSdDzm8-jpb0,66.07309,2022-06-19 09:03:36.499000+00:00,2022-06-20 00:29:14.857000+00:00,MAIN,SINGLE_PLACE,501 광명역세권휴먼시아5단지,대한민국 광명시 소하2동,37.4308554,126.8842593,37.4307688,126.8842815,Asia/Seoul,2022-06-19 18:03:36.499,2022-06-20 09:29:14.857,2022,2022,6,6,19,19,9,18,3,3,6,6,0 days 15:25:38.358000,925.6393
ChIJG8po34NhezURA-2QntT3KF0,94.68498,2022-06-20 00:49:54.589000+00:00,2022-06-20 01:13:00.051000+00:00,MAIN,SINGLE_PLACE,메르세데스-벤츠 공식딜러 KCC오토 금천전시장,대한민국 서울특별시 금천구 시흥동 987-6,37.4490955,126.9022039,37.4492084,126.9022642,Asia/Seoul,2022-06-20 09:49:54.589,2022-06-20 10:13:00.051,2022,2022,6,6,20,20,0,9,49,49,0,0,0 days 00:23:05.462000,23.091033333333332
ChIJVwJW829hezURambBObg3Tn4,96.736435,2022-06-20 01:35:35.006000+00:00,2022-06-20 01:56:49.374000+00:00,MAIN,SINGLE_PLACE,스타벅스 광명소하DT점,대한민국 경기도 광명시 소하동 1077,37.4348248,126.8791749,37.4351362,126.8793275,Asia/Seoul,2022-06-20 10:35:35.006,2022-06-20 10:56:49.374,2022,2022,6,6,20,20,1,10,35,35,0,0,0 days 00:21:14.368000,21.23946666666667
ChIJVwJW829hezURambBObg3Tn4,98.586815,2022-05-01 02:33:30.178000+00:00,2022-05-01 03:34:33+00:00,MAIN,SINGLE_PLACE,스타벅스 광명소하DT점,대한민국 경기도 광명시 소하동 1077,37.4348248,126.8791749,37.4346795,126.8793964,Asia/Seoul,2022-05-01 11:33:30.178,2022-05-01 12:34:33.000,2022,2022,5,5,1,1,2,11,33,33,6,6,0 days 01:01:02.822000,61.04703333333334
ChIJiWKXIGxhezURSdDzm8-jpb0,64.56486,2022-05-01 03:45:29.654000+00:00,2022-05-03 09:48:29.290000+00:00,MAIN,SINGLE_PLACE,501 광명역세권휴먼시아5단지,대한민국 광명시 소하2동,37.4308554,126.8842593,37.430882,126.8841641,Asia/Seoul,2022-05-01 12:45:29.654,2022-05-03 18:48:29.290,2022,2022,5,5,1,1,3,12,45,45,6,6,2 days 06:02:59.636000,3242.993933333333
ChIJiWKXIGxhezURSdDzm8-jpb0,67.056206,2022-05-03 10:50:37.196000+00:00,2022-05-03 22:47:46.628000+00:00,MAIN,SINGLE_PLACE,501 광명역세권휴먼시아5단지,대한민국 광명시 소하2동,37.4308554,126.8842593,37.4308792,126.8842408,Asia/Seoul,2022-05-03 19:50:37.196,2022-05-04 07:47:46.628,2022,2022,5,5,3,3,10,19,50,50,1,1,0 days 11:57:09.432000,717.1572
ChIJiWKXIGxhezURSdDzm8-jpb0,52.587593,2022-05-04 00:06:47.999000+00:00,2022-05-04 01:44:11.551000+00:00,MAIN,SINGLE_PLACE,501 광명역세권휴먼시아5단지,대한민국 광명시 소하2동,37.4308554,126.8842593,37.4309097,126.8841113,Asia/Seoul,2022-05-04 09:06:47.999,2022-05-04 10:44:11.551,2022,2022,5,5,4,4,0,9,6,6,2,2,0 days 01:37:23.552000,97.39253333333335
ChIJVwJW829hezURambBObg3Tn4,94.234146,2022-05-04 01:52:37.791000+00:00,2022-05-04 03:50:43.601000+00:00,MAIN,SINGLE_PLACE,스타벅스 광명소하DT점,대한민국 경기도 광명시 소하동 1077,37.4348248,126.8791749,37.4348833,126.8793526,Asia/Seoul,2022-05-04 10:52:37.791,2022-05-04 12:50:43.601,2022,2022,5,5,4,4,1,10,52,52,2,2,0 days 01:58:05.810000,118.09683333333334
ChIJiWKXIGxhezURSdDzm8-jpb0,69.53298,2022-05-04 04:09:33.677000+00:00,2022-05-04 06:42:41.836000+00:00,MAIN,SINGLE_PLACE,501 광명역세권휴먼시아5단지,대한민국 광명시 소하2동,37.4308554,126.8842593,37.4308641,126.8842705,Asia/Seoul,2022-05-04 13:09:33.677,2022-05-04 15:42:41.836,2022,2022,5,5,4,4,4,13,9,9,2,2,0 days 02:33:08.159000,153.13598333333337
ChIJkT4EGUFhezURmFNNjUBhZdw,94.15794,2022-05-04 06:54:23.448000+00:00,2022-05-04 07:52:57.761000+00:00,MAIN,SINGLE_PLACE,Costco Wholesale - Gwangmyeong Branch,대한민국 경기도 광명시 일직로 40,37.4206838,126.8864277,37.4208339,126.8857931,Asia/Seoul,2022-05-04 15:54:23.448,2022-05-04 16:52:57.761,2022,2022,5,5,4,4,6,15,54,54,2,2,0 days 00:58:34.313000,58.57188333333333
ChIJiWKXIGxhezURSdDzm8-jpb0,61.60276,2022-05-04 08:09:08.601000+00:00,2022-05-05 01:15:47.863000+00:00,MAIN,SINGLE_PLACE,501 광명역세권휴먼시아5단지,대한민국 광명시 소하2동,37.4308554,126.8842593,37.4308966,126.8841868,Asia/Seoul,2022-05-04 17:09:08.601,2022-05-05 10:15:47.863,2022,2022,5,5,4,4,8,17,9,9,2,2,0 days 17:06:39.262000,1026.6543666666666
ChIJexLzAaSofDURFc0B4n5O1jk,95.002426,2022-05-05 02:06:38.561000+00:00,2022-05-05 02:11:51.519000+00:00,MAIN,SINGLE_PLACE,"Gachon University, Global Campus",대한민국 경기도 성남시 수정구 성남대로 1342,37.4507128,127.1288495,37.45119,127.127054,Asia/Seoul,2022-05-05 11:06:38.561,2022-05-05 11:11:51.519,2022,2022,5,5,5,5,2,11,6,6,3,3,0 days 00:05:12.958000,5.2159666666666675
ChIJz45Eei9jezURl_rdXdIaKNA,81.35164,2022-05-05 03:40:28.676000+00:00,2022-05-05 05:02:27.529000+00:00,MAIN,SINGLE_PLACE,돈가츠인생,"대한민국 광명시
하안동 883-8번지 3층 전체 광명시 경기도 KR",37.4523632,126.8648044,37.4524941,126.8648769,Asia/Seoul,2022-05-05 12:40:28.676,2022-05-05 14:02:27.529,2022,2022,5,5,5,5,3,12,40,40,3,3,0 days 01:21:58.853000,81.98088333333334
ChIJiWKXIGxhezURSdDzm8-jpb0,51.52241,2022-05-05 05:16:42.778000+00:00,2022-05-05 08:32:40.034000+00:00,MAIN,SINGLE_PLACE,501 광명역세권휴먼시아5단지,대한민국 광명시 소하2동,37.4308554,126.8842593,37.430865,126.8841893,Asia/Seoul,2022-05-05 14:16:42.778,2022-05-05 17:32:40.034,2022,2022,5,5,5,5,5,14,16,16,3,3,0 days 03:15:57.256000,195.95426666666668
ChIJiWKXIGxhezURSdDzm8-jpb0,65.847916,2022-05-05 09:49:19.847000+00:00,2022-05-06 23:15:32.788000+00:00,MAIN,SINGLE_PLACE,501 광명역세권휴먼시아5단지,대한민국 광명시 소하2동,37.4308554,126.8842593,37.4309106,126.8842227,Asia/Seoul,2022-05-05 18:49:19.847,2022-05-07 08:15:32.788,2022,2022,5,5,5,5,9,18,49,49,3,3,1 days 13:26:12.941000,2246.215683333334
ChIJX2F8PrZ-fDURy6mLqCLN6OM,92.855286,2022-05-07 00:50:57.999000+00:00,2022-05-07 01:02:00.586000+00:00,MAIN,SINGLE_PLACE,Gwangseongbo Fort,대한민국 인천광역시 강화군 불은면 덕성리 833,37.664987,126.5300939,37.6644846,126.5289831,Asia/Seoul,2022-05-07 09:50:57.999,2022-05-07 10:02:00.586,2022,2022,5,5,7,7,0,9,50,50,5,5,0 days 00:11:02.587000,11.043116666666666
ChIJX2F8PrZ-fDURy6mLqCLN6OM,85.371574,2022-05-07 01:56:04.003000+00:00,2022-05-07 02:08:13.079000+00:00,MAIN,SINGLE_PLACE,Gwangseongbo Fort,대한민국 인천광역시 강화군 불은면 덕성리 833,37.664987,126.5300939,37.6645521,126.5289543,Asia/Seoul,2022-05-07 10:56:04.003,2022-05-07 11:08:13.079,2022,2022,5,5,7,7,1,10,56,56,5,5,0 days 00:12:09.076000,12.151266666666666
ChIJUwRtr1Z5fDURG5_ysLP1LTk,64.36457,2022-05-07 02:11:01.442000+00:00,2022-05-07 02:51:14.652000+00:00,MAIN,SINGLE_PLACE,오두리시골밥상,대한민국 인천광역시 강화군 불은면 오두리 89-9,37.68253,126.5171031,37.6815882,126.5172882,Asia/Seoul,2022-05-07 11:11:01.442,2022-05-07 11:51:14.652,2022,2022,5,5,7,7,2,11,11,11,5,5,0 days 00:40:13.210000,40.220166666666664
ChIJh1isWNF5fDURmW_D8CHD2W0,65.03406,2022-05-07 03:06:24+00:00,2022-05-07 03:49:56.979000+00:00,MAIN,SINGLE_PLACE,한옥카페 드리우니,대한민국 인천광역시 강화군 길상면 온수리 406-15,37.6397229,126.4807352,37.6384935,126.48083,Asia/Seoul,2022-05-07 12:06:24.000,2022-05-07 12:49:56.979,2022,2022,5,5,7,7,3,12,6,6,5,5,0 days 00:43:32.979000,43.54965000000001
ChIJ0SCvCYZ4fDURLTIhBlgNpaM,68.80801,2022-05-07 04:07:06.792000+00:00,2022-05-07 05:18:16.267000+00:00,MAIN,SINGLE_PLACE,Jeondeungsa Temple,대한민국 인천광역시 강화군 길상면 전등사로 37-41,37.6317933,126.4845478,37.6316821,126.4850475,Asia/Seoul,2022-05-07 13:07:06.792,2022-05-07 14:18:16.267,2022,2022,5,5,7,7,4,13,7,7,5,5,0 days 01:11:09.475000,71.15791666666668
ChIJN4_aF2VhezURXdPlLiKxGiI,20.835876,2022-05-07 07:19:06.931000+00:00,2022-05-07 07:35:38.590000+00:00,MAIN,SINGLE_PLACE,성원아파트,대한민국 경기도 광명시 소하동 936,37.4356879,126.876872,37.4353015,126.8776,Asia/Seoul,2022-05-07 16:19:06.931,2022-05-07 16:35:38.590,2022,2022,5,5,7,7,7,16,19,19,5,5,0 days 00:16:31.659000,16.52765
ChIJVwJW829hezURambBObg3Tn4,97.36635,2022-05-07 07:57:09.459000+00:00,2022-05-07 08:40:00.966000+00:00,MAIN,SINGLE_PLACE,스타벅스 광명소하DT점,대한민국 경기도 광명시 소하동 1077,37.4348248,126.8791749,37.4348213,126.879372,Asia/Seoul,2022-05-07 16:57:09.459,2022-05-07 17:40:00.966,2022,2022,5,5,7,7,7,16,57,57,5,5,0 days 00:42:51.507000,42.85845
ChIJiWKXIGxhezURSdDzm8-jpb0,63.477646,2022-05-07 08:49:28.551000+00:00,2022-05-08 23:32:11.885000+00:00,MAIN,SINGLE_PLACE,501 광명역세권휴먼시아5단지,대한민국 광명시 소하2동,37.4308554,126.8842593,37.4309127,126.8842254,Asia/Seoul,2022-05-07 17:49:28.551,2022-05-09 08:32:11.885,2022,2022,5,5,7,7,8,17,49,49,5,5,1 days 14:42:43.334000,2322.7222333333334
ChIJiWKXIGxhezURSdDzm8-jpb0,64.19985,2022-05-09 00:41:24.546000+00:00,2022-05-09 01:35:41.118000+00:00,MAIN,SINGLE_PLACE,501 광명역세권휴먼시아5단지,대한민국 광명시 소하2동,37.4308554,126.8842593,37.4308515,126.8841829,Asia/Seoul,2022-05-09 09:41:24.546,2022-05-09 10:35:41.118,2022,2022,5,5,9,9,0,9,41,41,0,0,0 days 00:54:16.572000,54.2762
ChIJoYohZ0VhezURv8JUckZvuno,91.62578,2022-05-09 01:40:26.723000+00:00,2022-05-09 05:14:37.439000+00:00,MAIN,SINGLE_PLACE,Take Hotel,대한민국 경기도 광명시 신기로 22,37.4186118,126.8829051,37.4191447,126.8831915,Asia/Seoul,2022-05-09 10:40:26.723,2022-05-09 14:14:37.439,2022,2022,5,5,9,9,1,10,40,40,0,0,0 days 03:34:10.716000,214.17860000000002
ChIJr4zJV25hezUR_wLSQKy4X9s,39.165676,2022-05-09 05:19:07.039000+00:00,2022-05-09 05:24:49.402000+00:00,MAIN,SINGLE_PLACE,36,대한민국 423-050 경기도 광명시 성채로 36,37.4326733,126.8820544,37.43264,126.880604,Asia/Seoul,2022-05-09 14:19:07.039,2022-05-09 14:24:49.402,2022,2022,5,5,9,9,5,14,19,19,0,0,0 days 00:05:42.363000,5.70605
ChIJiWKXIGxhezURSdDzm8-jpb0,65.594986,2022-05-09 05:33:07.351000+00:00,2022-05-10 00:20:32.750000+00:00,MAIN,SINGLE_PLACE,501 광명역세권휴먼시아5단지,대한민국 광명시 소하2동,37.4308554,126.8842593,37.4308987,126.884191,Asia/Seoul,2022-05-09 14:33:07.351,2022-05-10 09:20:32.750,2022,2022,5,5,9,9,5,14,33,33,0,0,0 days 18:47:25.399000,1127.4233166666668
ChIJk5ovw1ehfDUR0yXPAHmdN6o,96.81075,2022-05-10 01:00:57.999000+00:00,2022-05-10 02:15:23.024000+00:00,MAIN,SINGLE_PLACE,한국전파진흥협회,대한민국 서울특별시 양천구 목동중앙로13나길 3,37.5461345,126.8806653,37.5462399,126.8807076,Asia/Seoul,2022-05-10 10:00:57.999,2022-05-10 11:15:23.024,2022,2022,5,5,10,10,1,10,0,0,1,1,0 days 01:14:25.025000,74.41708333333334
ChIJr9JuWfKYfDURvj4PKeYFSPM,46.074944,2022-05-10 03:06:35.999000+00:00,2022-05-10 04:03:47.125000+00:00,MAIN,SINGLE_PLACE,Saruga Shopping Center,대한민국 서울특별시 서대문구 131-1,37.5670709,126.9296819,37.5674052,126.9298254,Asia/Seoul,2022-05-10 12:06:35.999,2022-05-10 13:03:47.125,2022,2022,5,5,10,10,3,12,6,6,1,1,0 days 00:57:11.126000,57.185433333333336
ChIJAUntXomffDURf4LLUJ6iQy0,88.50464,2022-05-10 04:06:19.613000+00:00,2022-05-10 05:22:53.865000+00:00,MAIN,SINGLE_PLACE,연희단팥죽,대한민국 서울특별시 서대문구 연희로11가길 8-5,37.5678883,126.9289109,37.5679639,126.9290047,Asia/Seoul,2022-05-10 13:06:19.613,2022-05-10 14:22:53.865,2022,2022,5,5,10,10,4,13,6,6,1,1,0 days 01:16:34.252000,76.57086666666667
ChIJr9JuWfKYfDURvj4PKeYFSPM,91.82364,2022-05-10 05:26:22.918000+00:00,2022-05-10 05:39:21.999000+00:00,MAIN,SINGLE_PLACE,Saruga Shopping Center,대한민국 서울특별시 서대문구 131-1,37.5670709,126.9296819,37.5673637,126.9294277,Asia/Seoul,2022-05-10 14:26:22.918,2022-05-10 14:39:21.999,2022,2022,5,5,10,10,5,14,26,26,1,1,0 days 00:12:59.081000,12.984683333333333
ChIJiWKXIGxhezURSdDzm8-jpb0,59.582977,2022-05-10 06:18:45.479000+00:00,2022-05-11 03:34:21.185000+00:00,MAIN,SINGLE_PLACE,501 광명역세권휴먼시아5단지,대한민국 광명시 소하2동,37.4308554,126.8842593,37.4309087,126.8840875,Asia/Seoul,2022-05-10 15:18:45.479,2022-05-11 12:34:21.185,2022,2022,5,5,10,10,6,15,18,18,1,1,0 days 21:15:35.706000,1275.5951
ChIJkT4EGUFhezURmFNNjUBhZdw,94.721375,2022-05-11 03:40:22.197000+00:00,2022-05-11 03:53:47.921000+00:00,MAIN,SINGLE_PLACE,Costco Wholesale - Gwangmyeong Branch,대한민국 경기도 광명시 일직로 40,37.4206838,126.8864277,37.4218058,126.8856667,Asia/Seoul,2022-05-11 12:40:22.197,2022-05-11 12:53:47.921,2022,2022,5,5,11,11,3,12,40,40,2,2,0 days 00:13:25.724000,13.428733333333334
ChIJif2a9EFhezURHkD8egX3ht0,93.45624,2022-05-11 03:54:49.542000+00:00,2022-05-11 04:13:11.790000+00:00,MAIN,SINGLE_PLACE,LOTTE Mall Gwangmyeong,대한민국 경기도 광명시 일직로 17,37.4245517,126.8842226,37.4238921,126.8844543,Asia/Seoul,2022-05-11 12:54:49.542,2022-05-11 13:13:11.790,2022,2022,5,5,11,11,3,12,54,54,2,2,0 days 00:18:22.248000,18.3708
ChIJkT4EGUFhezURmFNNjUBhZdw,91.66785,2022-05-11 04:16:22.262000+00:00,2022-05-11 05:10:40.930000+00:00,MAIN,SINGLE_PLACE,Costco Wholesale - Gwangmyeong Branch,대한민국 경기도 광명시 일직로 40,37.4206838,126.8864277,37.4206958,126.8859872,Asia/Seoul,2022-05-11 13:16:22.262,2022-05-11 14:10:40.930,2022,2022,5,5,11,11,4,13,16,16,2,2,0 days 00:54:18.668000,54.31113333333334
ChIJif2a9EFhezURHkD8egX3ht0,91.12261,2022-05-11 05:20:35.078000+00:00,2022-05-11 05:26:11.208000+00:00,MAIN,SINGLE_PLACE,LOTTE Mall Gwangmyeong,대한민국 경기도 광명시 일직로 17,37.4245517,126.8842226,37.42414,126.8845075,Asia/Seoul,2022-05-11 14:20:35.078,2022-05-11 14:26:11.208,2022,2022,5,5,11,11,5,14,20,20,2,2,0 days 00:05:36.130000,5.602166666666666
ChIJiWKXIGxhezURSdDzm8-jpb0,60.623817,2022-05-11 06:30:07.309000+00:00,2022-05-11 10:30:26.963000+00:00,MAIN,SINGLE_PLACE,501 광명역세권휴먼시아5단지,대한민국 광명시 소하2동,37.4308554,126.8842593,37.4308853,126.8841247,Asia/Seoul,2022-05-11 15:30:07.309,2022-05-11 19:30:26.963,2022,2022,5,5,11,11,6,15,30,30,2,2,0 days 04:00:19.654000,240.32756666666668
ChIJiWKXIGxhezURSdDzm8-jpb0,64.55388,2022-05-11 11:14:20.892000+00:00,2022-05-11 22:42:31.229000+00:00,MAIN,SINGLE_PLACE,501 광명역세권휴먼시아5단지,대한민국 광명시 소하2동,37.4308554,126.8842593,37.430798,126.884171,Asia/Seoul,2022-05-11 20:14:20.892,2022-05-12 07:42:31.229,2022,2022,5,5,11,11,11,20,14,14,2,2,0 days 11:28:10.337000,688.1722833333333
ChIJiWKXIGxhezURSdDzm8-jpb0,63.173843,2022-05-12 00:37:39.007000+00:00,2022-05-13 09:43:42.357000+00:00,MAIN,SINGLE_PLACE,501 광명역세권휴먼시아5단지,대한민국 광명시 소하2동,37.4308554,126.8842593,37.4308117,126.8841571,Asia/Seoul,2022-05-12 09:37:39.007,2022-05-13 18:43:42.357,2022,2022,5,5,12,12,0,9,37,37,3,3,1 days 09:06:03.350000,1986.0558333333333
ChIJkT4EGUFhezURmFNNjUBhZdw,93.57837,2022-05-13 10:09:06.544000+00:00,2022-05-13 10:42:19.055000+00:00,MAIN,SINGLE_PLACE,Costco Wholesale - Gwangmyeong Branch,대한민국 경기도 광명시 일직로 40,37.4206838,126.8864277,37.4210567,126.8857533,Asia/Seoul,2022-05-13 19:09:06.544,2022-05-13 19:42:19.055,2022,2022,5,5,13,13,10,19,9,9,4,4,0 days 00:33:12.511000,33.20851666666667
ChIJiWKXIGxhezURSdDzm8-jpb0,65.934364,2022-05-13 10:53:18.041000+00:00,2022-05-13 23:40:56.364000+00:00,MAIN,SINGLE_PLACE,501 광명역세권휴먼시아5단지,대한민국 광명시 소하2동,37.4308554,126.8842593,37.4307649,126.884181,Asia/Seoul,2022-05-13 19:53:18.041,2022-05-14 08:40:56.364,2022,2022,5,5,13,13,10,19,53,53,4,4,0 days 12:47:38.323000,767.6387166666667
ChIJ4QwoPXBhezUR4NRUUYwA2rw,94.263725,2022-05-14 01:03:10.847000+00:00,2022-05-14 01:34:36.729000+00:00,MAIN,SINGLE_PLACE,Woori Sikdang Cheonggukjang Jip,대한민국 경기도 광명시 소하2동 1241-11,37.4361505,126.8803461,37.43615,126.8802017,Asia/Seoul,2022-05-14 10:03:10.847,2022-05-14 10:34:36.729,2022,2022,5,5,14,14,1,10,3,3,5,5,0 days 00:31:25.882000,31.43136666666667
ChIJVwJW829hezURambBObg3Tn4,87.68308,2022-05-14 01:37:26.457000+00:00,2022-05-14 02:27:08.923000+00:00,MAIN,SINGLE_PLACE,스타벅스 광명소하DT점,대한민국 경기도 광명시 소하동 1077,37.4348248,126.8791749,37.4346217,126.8793935,Asia/Seoul,2022-05-14 10:37:26.457,2022-05-14 11:27:08.923,2022,2022,5,5,14,14,1,10,37,37,5,5,0 days 00:49:42.466000,49.70776666666667
ChIJiWKXIGxhezURSdDzm8-jpb0,62.915825,2022-05-14 02:34:15.105000+00:00,2022-05-14 03:17:37.471000+00:00,MAIN,SINGLE_PLACE,501 광명역세권휴먼시아5단지,대한민국 광명시 소하2동,37.4308554,126.8842593,37.43071,126.8840627,Asia/Seoul,2022-05-14 11:34:15.105,2022-05-14 12:17:37.471,2022,2022,5,5,14,14,2,11,34,34,5,5,0 days 00:43:22.366000,43.372766666666664
ChIJiWKXIGxhezURSdDzm8-jpb0,65.84296,2022-05-14 04:08:35.162000+00:00,2022-05-15 04:25:17.076000+00:00,MAIN,SINGLE_PLACE,501 광명역세권휴먼시아5단지,대한민국 광명시 소하2동,37.4308554,126.8842593,37.4306799,126.8842111,Asia/Seoul,2022-05-14 13:08:35.162,2022-05-15 13:25:17.076,2022,2022,5,5,14,14,4,13,8,8,5,5,1 days 00:16:41.914000,1456.6985666666667
ChIJ-X-A6g9iezURwYQJtzP-4ls,83.46027,2022-05-15 05:32:17.742000+00:00,2022-05-15 05:45:48.874000+00:00,MAIN,SINGLE_PLACE,세계로마트 광명소하점,대한민국 경기도 광명시 오리로 350,37.4336631,126.8795904,37.4331329,126.8793557,Asia/Seoul,2022-05-15 14:32:17.742,2022-05-15 14:45:48.874,2022,2022,5,5,15,15,5,14,32,32,6,6,0 days 00:13:31.132000,13.518866666666668
ChIJiWKXIGxhezURSdDzm8-jpb0,69.864174,2022-05-15 05:51:15.068000+00:00,2022-05-16 02:26:33.742000+00:00,MAIN,SINGLE_PLACE,501 광명역세권휴먼시아5단지,대한민국 광명시 소하2동,37.4308554,126.8842593,37.43079,126.88411,Asia/Seoul,2022-05-15 14:51:15.068,2022-05-16 11:26:33.742,2022,2022,5,5,15,15,5,14,51,51,6,6,0 days 20:35:18.674000,1235.3112333333333
ChIJGW0-vHZhezURZbrDTC0p2_g,73.310936,2022-05-16 02:30:11.011000+00:00,2022-05-16 02:36:48.243000+00:00,MAIN,SINGLE_PLACE,파리바게트(충현점),,37.4328863,126.8807281,37.4327225,126.8809925,Asia/Seoul,2022-05-16 11:30:11.011,2022-05-16 11:36:48.243,2022,2022,5,5,16,16,2,11,30,30,0,0,0 days 00:06:37.232000,6.620533333333333
ChIJiWKXIGxhezURSdDzm8-jpb0,71.67849,2022-05-16 02:41:33.167000+00:00,2022-05-17 10:12:44.492000+00:00,MAIN,SINGLE_PLACE,501 광명역세권휴먼시아5단지,대한민국 광명시 소하2동,37.4308554,126.8842593,37.4307586,126.8841808,Asia/Seoul,2022-05-16 11:41:33.167,2022-05-17 19:12:44.492,2022,2022,5,5,16,16,2,11,41,41,0,0,1 days 07:31:11.325000,1891.1887500000003
ChIJr4zJV25hezUR_wLSQKy4X9s,22.309706,2022-05-17 10:18:43.214000+00:00,2022-05-17 10:27:25.440000+00:00,MAIN,SINGLE_PLACE,36,대한민국 423-050 경기도 광명시 성채로 36,37.4326733,126.8820544,37.4328417,126.88046,Asia/Seoul,2022-05-17 19:18:43.214,2022-05-17 19:27:25.440,2022,2022,5,5,17,17,10,19,18,18,1,1,0 days 00:08:42.226000,8.703766666666667
ChIJiWKXIGxhezURSdDzm8-jpb0,64.34042,2022-05-17 10:36:35.468000+00:00,2022-05-18 10:35:13.274000+00:00,MAIN,SINGLE_PLACE,501 광명역세권휴먼시아5단지,대한민국 광명시 소하2동,37.4308554,126.8842593,37.4308496,126.8840973,Asia/Seoul,2022-05-17 19:36:35.468,2022-05-18 19:35:13.274,2022,2022,5,5,17,17,10,19,36,36,1,1,0 days 23:58:37.806000,1438.6301
ChIJ_7JAX5xhezURmuSF3p-i67U,20.483967,2022-05-18 11:03:23.745000+00:00,2022-05-18 11:14:32.423000+00:00,MAIN,SINGLE_PLACE,McDonald's,대한민국 경기도 광명시 오리로 512,37.4475685,126.8816084,37.4479943,126.8817271,Asia/Seoul,2022-05-18 20:03:23.745,2022-05-18 20:14:32.423,2022,2022,5,5,18,18,11,20,3,3,2,2,0 days 00:11:08.678000,11.144633333333333
ChIJiWKXIGxhezURSdDzm8-jpb0,58.15286,2022-05-18 11:26:41.249000+00:00,2022-05-19 00:03:51.523000+00:00,MAIN,SINGLE_PLACE,501 광명역세권휴먼시아5단지,대한민국 광명시 소하2동,37.4308554,126.8842593,37.4307964,126.8841875,Asia/Seoul,2022-05-18 20:26:41.249,2022-05-19 09:03:51.523,2022,2022,5,5,18,18,11,20,26,26,2,2,0 days 12:37:10.274000,757.1712333333334
ChIJkT4EGUFhezURmFNNjUBhZdw,92.5732,2022-05-19 00:14:04.522000+00:00,2022-05-19 01:42:00.401000+00:00,MAIN,SINGLE_PLACE,Costco Wholesale - Gwangmyeong Branch,대한민국 경기도 광명시 일직로 40,37.4206838,126.8864277,37.4207868,126.8858586,Asia/Seoul,2022-05-19 09:14:04.522,2022-05-19 10:42:00.401,2022,2022,5,5,19,19,0,9,14,14,3,3,0 days 01:27:55.879000,87.93131666666666
ChIJiWKXIGxhezURSdDzm8-jpb0,63.268982,2022-05-19 02:01:10.802000+00:00,2022-05-19 04:53:22.478000+00:00,MAIN,SINGLE_PLACE,501 광명역세권휴먼시아5단지,대한민국 광명시 소하2동,37.4308554,126.8842593,37.4308537,126.8841288,Asia/Seoul,2022-05-19 11:01:10.802,2022-05-19 13:53:22.478,2022,2022,5,5,19,19,2,11,1,1,3,3,0 days 02:52:11.676000,172.1946
ChIJ_dDv44JhezURH6WPqieNlmI,61.991566,2022-05-19 05:03:21.884000+00:00,2022-05-19 06:21:39.583000+00:00,MAIN,SINGLE_PLACE,광명역자이타워,대한민국 경기도 광명시 새빛공원로 67,37.4195514,126.8883378,37.4195223,126.8882782,Asia/Seoul,2022-05-19 14:03:21.884,2022-05-19 15:21:39.583,2022,2022,5,5,19,19,5,14,3,3,3,3,0 days 01:18:17.699000,78.29498333333335
ChIJiWKXIGxhezURSdDzm8-jpb0,61.964954,2022-05-19 06:33:34.790000+00:00,2022-05-19 07:38:28.673000+00:00,MAIN,SINGLE_PLACE,501 광명역세권휴먼시아5단지,대한민국 광명시 소하2동,37.4308554,126.8842593,37.4309248,126.8841145,Asia/Seoul,2022-05-19 15:33:34.790,2022-05-19 16:38:28.673,2022,2022,5,5,19,19,6,15,33,33,3,3,0 days 01:04:53.883000,64.89805
ChIJcRo3unZhezUR3MKm9oz_0w4,70.39844,2022-05-19 07:40:19.458000+00:00,2022-05-19 08:21:10.671000+00:00,MAIN,SINGLE_PLACE,광휘고등학교,,37.4286823,126.8817526,37.4291718,126.8818276,Asia/Seoul,2022-05-19 16:40:19.458,2022-05-19 17:21:10.671,2022,2022,5,5,19,19,7,16,40,40,3,3,0 days 00:40:51.213000,40.853550000000006
ChIJiWKXIGxhezURSdDzm8-jpb0,68.8166,2022-05-19 08:24:40.724000+00:00,2022-05-19 23:05:08.475000+00:00,MAIN,SINGLE_PLACE,501 광명역세권휴먼시아5단지,대한민국 광명시 소하2동,37.4308554,126.8842593,37.4309506,126.8840771,Asia/Seoul,2022-05-19 17:24:40.724,2022-05-20 08:05:08.475,2022,2022,5,5,19,19,8,17,24,24,3,3,0 days 14:40:27.751000,880.4625166666667
ChIJme_OoK-ofDUR1blHbiLexyE,29.706415,2022-05-19 23:56:13+00:00,2022-05-20 03:21:46.999000+00:00,MAIN,SINGLE_PLACE,산77,대한민국 경기도 성남시 수정구 복정동 산77,37.4555718,127.1340122,37.4552557,127.1341929,Asia/Seoul,2022-05-20 08:56:13.000,2022-05-20 12:21:46.999,2022,2022,5,5,19,20,23,8,56,56,3,4,0 days 03:25:33.999000,205.56665000000004
ChIJexLzAaSofDURFc0B4n5O1jk,91.86075,2022-05-20 03:26:48.628000+00:00,2022-05-20 03:36:21.360000+00:00,MAIN,SINGLE_PLACE,"Gachon University, Global Campus",대한민국 경기도 성남시 수정구 성남대로 1342,37.4507128,127.1288495,37.4510471,127.1272357,Asia/Seoul,2022-05-20 12:26:48.628,2022-05-20 12:36:21.360,2022,2022,5,5,20,20,3,12,26,26,4,4,0 days 00:09:32.732000,9.545533333333335
ChIJiWKXIGxhezURSdDzm8-jpb0,61.01935,2022-05-20 04:18:44.936000+00:00,2022-05-20 05:14:21.881000+00:00,MAIN,SINGLE_PLACE,501 광명역세권휴먼시아5단지,대한민국 광명시 소하2동,37.4308554,126.8842593,37.4308985,126.8841685,Asia/Seoul,2022-05-20 13:18:44.936,2022-05-20 14:14:21.881,2022,2022,5,5,20,20,4,13,18,18,4,4,0 days 00:55:36.945000,55.615750000000006
ChIJif2a9EFhezURHkD8egX3ht0,88.91151,2022-05-20 05:21:56.214000+00:00,2022-05-20 06:30:40.268000+00:00,MAIN,SINGLE_PLACE,LOTTE Mall Gwangmyeong,대한민국 경기도 광명시 일직로 17,37.4245517,126.8842226,37.4241253,126.8844807,Asia/Seoul,2022-05-20 14:21:56.214,2022-05-20 15:30:40.268,2022,2022,5,5,20,20,5,14,21,21,4,4,0 days 01:08:44.054000,68.73423333333334
ChIJiWKXIGxhezURSdDzm8-jpb0,71.51069,2022-05-20 06:41:16.117000+00:00,2022-05-20 10:23:24.841000+00:00,MAIN,SINGLE_PLACE,501 광명역세권휴먼시아5단지,대한민국 광명시 소하2동,37.4308554,126.8842593,37.4309531,126.8841458,Asia/Seoul,2022-05-20 15:41:16.117,2022-05-20 19:23:24.841,2022,2022,5,5,20,20,6,15,41,41,4,4,0 days 03:42:08.724000,222.1454
ChIJw7gzT3hhezURu4LIh_mxD74,97.03356,2022-05-20 10:59:59.393000+00:00,2022-05-20 11:01:26.528000+00:00,MAIN,SINGLE_PLACE,산촌신쭈꾸미,대한민국 경기도 광명시 소하동 산48-1,37.444125,126.8771889,37.4440979,126.8771453,Asia/Seoul,2022-05-20 19:59:59.393,2022-05-20 20:01:26.528,2022,2022,5,5,20,20,10,19,59,59,4,4,0 days 00:01:27.135000,1.45225
ChIJiWKXIGxhezURSdDzm8-jpb0,64.07125,2022-05-20 11:12:40.409000+00:00,2022-05-21 00:44:51.173000+00:00,MAIN,SINGLE_PLACE,501 광명역세권휴먼시아5단지,대한민국 광명시 소하2동,37.4308554,126.8842593,37.4309037,126.8841393,Asia/Seoul,2022-05-20 20:12:40.409,2022-05-21 09:44:51.173,2022,2022,5,5,20,20,11,20,12,12,4,4,0 days 13:32:10.764000,812.1794000000001
ChIJD__9849hezURwzY-5ImnIZY,97.26028,2022-05-21 01:54:50+00:00,2022-05-21 02:41:10.923000+00:00,MAIN,SINGLE_PLACE,보리밥전문점보릿골,,37.4552576,126.8778256,37.4552111,126.8778296,Asia/Seoul,2022-05-21 10:54:50.000,2022-05-21 11:41:10.923,2022,2022,5,5,21,21,1,10,54,54,5,5,0 days 00:46:20.923000,46.34871666666667
ChIJzV5ISpBhezURonq_9dJvdLQ,57.697113,2022-05-21 02:43:31.434000+00:00,2022-05-21 02:49:01.664000+00:00,TRANSITIONAL,SINGLE_PLACE,하안단지주유소,대한민국 경기도 광명시 소하동 1275,37.4561577,126.8803155,37.45639,126.88041,Asia/Seoul,2022-05-21 11:43:31.434,2022-05-21 11:49:01.664,2022,2022,5,5,21,21,2,11,43,43,5,5,0 days 00:05:30.230000,5.503833333333334
ChIJiWKXIGxhezURSdDzm8-jpb0,64.87988,2022-05-21 03:07:03.747000+00:00,2022-05-21 10:14:39.529000+00:00,MAIN,SINGLE_PLACE,501 광명역세권휴먼시아5단지,대한민국 광명시 소하2동,37.4308554,126.8842593,37.4309077,126.8842362,Asia/Seoul,2022-05-21 12:07:03.747,2022-05-21 19:14:39.529,2022,2022,5,5,21,21,3,12,7,7,5,5,0 days 07:07:35.782000,427.5963666666667
ChIJif2a9EFhezURHkD8egX3ht0,37.104904,2022-05-21 10:38:32.999000+00:00,2022-05-21 11:52:22.161000+00:00,MAIN,SINGLE_PLACE,LOTTE Mall Gwangmyeong,대한민국 경기도 광명시 일직로 17,37.4245517,126.8842226,37.423619,126.8861329,Asia/Seoul,2022-05-21 19:38:32.999,2022-05-21 20:52:22.161,2022,2022,5,5,21,21,10,19,38,38,5,5,0 days 01:13:49.162000,73.81936666666667
ChIJiWKXIGxhezURSdDzm8-jpb0,67.22078,2022-05-21 11:58:03.522000+00:00,2022-05-22 00:00:18.526000+00:00,MAIN,SINGLE_PLACE,501 광명역세권휴먼시아5단지,대한민국 광명시 소하2동,37.4308554,126.8842593,37.4308394,126.8841856,Asia/Seoul,2022-05-21 20:58:03.522,2022-05-22 09:00:18.526,2022,2022,5,5,21,21,11,20,58,58,5,5,0 days 12:02:15.004000,722.2500666666667
ChIJiWKXIGxhezURSdDzm8-jpb0,55.708515,2022-05-22 00:21:48.094000+00:00,2022-05-22 01:57:50.524000+00:00,MAIN,SINGLE_PLACE,501 광명역세권휴먼시아5단지,대한민국 광명시 소하2동,37.4308554,126.8842593,37.4309052,126.8841458,Asia/Seoul,2022-05-22 09:21:48.094,2022-05-22 10:57:50.524,2022,2022,5,5,22,22,0,9,21,21,6,6,0 days 01:36:02.430000,96.04050000000001
ChIJkT4EGUFhezURmFNNjUBhZdw,42.114372,2022-05-22 02:23:37.449000+00:00,2022-05-22 03:25:36.058000+00:00,MAIN,SINGLE_PLACE,Costco Wholesale - Gwangmyeong Branch,대한민국 경기도 광명시 일직로 40,37.4206838,126.8864277,37.4233972,126.8862028,Asia/Seoul,2022-05-22 11:23:37.449,2022-05-22 12:25:36.058,2022,2022,5,5,22,22,2,11,23,23,6,6,0 days 01:01:58.609000,61.97681666666667
ChIJn5eRaL1hezURoGHUwdAFqsI,97.59829,2022-05-22 03:35:57.484000+00:00,2022-05-22 07:24:15.402000+00:00,MAIN,SINGLE_PLACE,AK플라자 광명점,대한민국 경기도 광명시 일직동 양지로 17,37.4189097,126.8828764,37.4187671,126.8829391,Asia/Seoul,2022-05-22 12:35:57.484,2022-05-22 16:24:15.402,2022,2022,5,5,22,22,3,12,35,35,6,6,0 days 03:48:17.918000,228.29863333333336
ChIJif2a9EFhezURHkD8egX3ht0,94.26348,2022-05-22 07:33:44.654000+00:00,2022-05-22 07:48:59.210000+00:00,MAIN,SINGLE_PLACE,LOTTE Mall Gwangmyeong,대한민국 경기도 광명시 일직로 17,37.4245517,126.8842226,37.4237886,126.8848214,Asia/Seoul,2022-05-22 16:33:44.654,2022-05-22 16:48:59.210,2022,2022,5,5,22,22,7,16,33,33,6,6,0 days 00:15:14.556000,15.242600000000001
ChIJiWKXIGxhezURSdDzm8-jpb0,67.89088,2022-05-22 08:00:18.822000+00:00,2022-05-22 23:44:40.394000+00:00,MAIN,SINGLE_PLACE,501 광명역세권휴먼시아5단지,대한민국 광명시 소하2동,37.4308554,126.8842593,37.4308585,126.8842149,Asia/Seoul,2022-05-22 17:00:18.822,2022-05-23 08:44:40.394,2022,2022,5,5,22,22,8,17,0,0,6,6,0 days 15:44:21.572000,944.3595333333334
ChIJiVLUtRFeezURKOznbSv--R4,39.409416,2022-05-23 00:26:12+00:00,2022-05-23 01:37:13+00:00,MAIN,SINGLE_PLACE,꿈마을라이프아파트,대한민국 경기도 안양시 동안구 귀인동 932-6,37.3865844,126.9678645,37.386137,126.9685048,Asia/Seoul,2022-05-23 09:26:12.000,2022-05-23 10:37:13.000,2022,2022,5,5,23,23,0,9,26,26,0,0,0 days 01:11:01,71.01666666666667
ChIJnSqsGHBeezURADQ4BgKhJFA,38.06603,2022-05-23 01:46:05+00:00,2022-05-23 05:07:57.999000+00:00,MAIN,SINGLE_PLACE,일출보리밥,대한민국 경기도 의왕시 손골길 17,37.3786633,126.9851233,37.378776,126.9850286,Asia/Seoul,2022-05-23 10:46:05.000,2022-05-23 14:07:57.999,2022,2022,5,5,23,23,1,10,46,46,0,0,0 days 03:21:52.999000,201.8833166666667
ChIJiWKXIGxhezURSdDzm8-jpb0,60.0239,2022-05-23 05:51:35.525000+00:00,2022-05-23 22:54:17.929000+00:00,MAIN,SINGLE_PLACE,501 광명역세권휴먼시아5단지,대한민국 광명시 소하2동,37.4308554,126.8842593,37.4308998,126.8841567,Asia/Seoul,2022-05-23 14:51:35.525,2022-05-24 07:54:17.929,2022,2022,5,5,23,23,5,14,51,51,0,0,0 days 17:02:42.404000,1022.7067333333333
ChIJiWKXIGxhezURSdDzm8-jpb0,58.91159,2022-05-24 00:17:54+00:00,2022-05-24 01:21:04.440000+00:00,MAIN,SINGLE_PLACE,501 광명역세권휴먼시아5단지,대한민국 광명시 소하2동,37.4308554,126.8842593,37.4309024,126.8841645,Asia/Seoul,2022-05-24 09:17:54.000,2022-05-24 10:21:04.440,2022,2022,5,5,24,24,0,9,17,17,1,1,0 days 01:03:10.440000,63.174
ChIJvcc68DWhfDURLY5igJuPLEk,39.22139,2022-05-24 02:06:26.782000+00:00,2022-05-24 04:07:05.597000+00:00,MAIN,SINGLE_PLACE,SSO-OK,"대한민국 서울특별시 서초구 서초동 1625-10
1층",37.4878705,127.015639,37.4878763,127.015565,Asia/Seoul,2022-05-24 11:06:26.782,2022-05-24 13:07:05.597,2022,2022,5,5,24,24,2,11,6,6,1,1,0 days 02:00:38.815000,120.64691666666667
ChIJDWIToGyhfDUR-reHnAcvtaE,55.10866,2022-05-24 04:14:08.760000+00:00,2022-05-24 07:14:15.027000+00:00,MAIN,SINGLE_PLACE,하우덴코리아(유한),,37.4866068,127.0159074,37.4865935,127.0157461,Asia/Seoul,2022-05-24 13:14:08.760,2022-05-24 16:14:15.027,2022,2022,5,5,24,24,4,13,14,14,1,1,0 days 03:00:06.267000,180.10444999999999
ChIJiWKXIGxhezURSdDzm8-jpb0,58.984196,2022-05-24 08:05:03.124000+00:00,2022-05-24 22:57:32.907000+00:00,MAIN,SINGLE_PLACE,501 광명역세권휴먼시아5단지,대한민국 광명시 소하2동,37.4308554,126.8842593,37.4308845,126.8841951,Asia/Seoul,2022-05-24 17:05:03.124,2022-05-25 07:57:32.907,2022,2022,5,5,24,24,8,17,5,5,1,1,0 days 14:52:29.783000,892.4963833333334
ChIJiWKXIGxhezURSdDzm8-jpb0,55.76319,2022-05-25 00:12:09+00:00,2022-05-25 04:12:32+00:00,MAIN,SINGLE_PLACE,501 광명역세권휴먼시아5단지,대한민국 광명시 소하2동,37.4308554,126.8842593,37.4308992,126.8841676,Asia/Seoul,2022-05-25 09:12:09.000,2022-05-25 13:12:32.000,2022,2022,5,5,25,25,0,9,12,12,2,2,0 days 04:00:23,240.38333333333333
ChIJrV2JUeNhezURUjjXsgtj574,26.708693,2022-05-25 04:36:29.955000+00:00,2022-05-25 08:50:06.057000+00:00,MAIN,SINGLE_PLACE,싸이오닉,"대한민국 경기도 광명시 일직로 43
GIDC A동 2606호",37.4235655,126.8862723,37.4234054,126.8860791,Asia/Seoul,2022-05-25 13:36:29.955,2022-05-25 17:50:06.057,2022,2022,5,5,25,25,4,13,36,36,2,2,0 days 04:13:36.102000,253.60170000000002
ChIJif2a9EFhezURHkD8egX3ht0,89.06867,2022-05-25 08:57:15.335000+00:00,2022-05-25 09:11:12.873000+00:00,MAIN,SINGLE_PLACE,LOTTE Mall Gwangmyeong,대한민국 경기도 광명시 일직로 17,37.4245517,126.8842226,37.4239237,126.8847538,Asia/Seoul,2022-05-25 17:57:15.335,2022-05-25 18:11:12.873,2022,2022,5,5,25,25,8,17,57,57,2,2,0 days 00:13:57.538000,13.958966666666667
ChIJiWKXIGxhezURSdDzm8-jpb0,57.75052,2022-05-25 09:18:44.961000+00:00,2022-05-26 08:21:06.568000+00:00,MAIN,SINGLE_PLACE,501 광명역세권휴먼시아5단지,대한민국 광명시 소하2동,37.4308554,126.8842593,37.4308686,126.8840884,Asia/Seoul,2022-05-25 18:18:44.961,2022-05-26 17:21:06.568,2022,2022,5,5,25,25,9,18,18,18,2,2,0 days 23:02:21.607000,1382.3601166666667
ChIJif2a9EFhezURHkD8egX3ht0,94.19506,2022-05-26 08:28:40.115000+00:00,2022-05-26 08:37:42.894000+00:00,MAIN,SINGLE_PLACE,LOTTE Mall Gwangmyeong,대한민국 경기도 광명시 일직로 17,37.4245517,126.8842226,37.4238811,126.8845711,Asia/Seoul,2022-05-26 17:28:40.115,2022-05-26 17:37:42.894,2022,2022,5,5,26,26,8,17,28,28,3,3,0 days 00:09:02.779000,9.046316666666666
ChIJiWKXIGxhezURSdDzm8-jpb0,61.095016,2022-05-26 08:49:08.924000+00:00,2022-05-26 23:19:28.061000+00:00,MAIN,SINGLE_PLACE,501 광명역세권휴먼시아5단지,대한민국 광명시 소하2동,37.4308554,126.8842593,37.4307535,126.8842268,Asia/Seoul,2022-05-26 17:49:08.924,2022-05-27 08:19:28.061,2022,2022,5,5,26,26,8,17,49,49,3,3,0 days 14:30:19.137000,870.3189500000001
ChIJme_OoK-ofDUR1blHbiLexyE,35.758812,2022-05-27 00:05:49.999000+00:00,2022-05-27 03:25:17.844000+00:00,MAIN,SINGLE_PLACE,산77,대한민국 경기도 성남시 수정구 복정동 산77,37.4555718,127.1340122,37.455252,127.1342087,Asia/Seoul,2022-05-27 09:05:49.999,2022-05-27 12:25:17.844,2022,2022,5,5,27,27,0,9,5,5,4,4,0 days 03:19:27.845000,199.46408333333335
ChIJn5eRaL1hezURoGHUwdAFqsI,97.51237,2022-05-27 04:20:33.117000+00:00,2022-05-27 04:56:20.070000+00:00,MAIN,SINGLE_PLACE,AK플라자 광명점,대한민국 경기도 광명시 일직동 양지로 17,37.4189097,126.8828764,37.4182666,126.8826681,Asia/Seoul,2022-05-27 13:20:33.117,2022-05-27 13:56:20.070,2022,2022,5,5,27,27,4,13,20,20,4,4,0 days 00:35:46.953000,35.78255
ChIJiWKXIGxhezURSdDzm8-jpb0,66.93918,2022-05-27 05:08:18.184000+00:00,2022-05-27 08:29:51+00:00,MAIN,SINGLE_PLACE,501 광명역세권휴먼시아5단지,대한민국 광명시 소하2동,37.4308554,126.8842593,37.4308104,126.8841538,Asia/Seoul,2022-05-27 14:08:18.184,2022-05-27 17:29:51.000,2022,2022,5,5,27,27,5,14,8,8,4,4,0 days 03:21:32.816000,201.54693333333336
ChIJiWKXIGxhezURSdDzm8-jpb0,58.263237,2022-05-27 09:56:02.999000+00:00,2022-05-27 22:34:47.754000+00:00,MAIN,SINGLE_PLACE,501 광명역세권휴먼시아5단지,대한민국 광명시 소하2동,37.4308554,126.8842593,37.4309367,126.8839386,Asia/Seoul,2022-05-27 18:56:02.999,2022-05-28 07:34:47.754,2022,2022,5,5,27,27,9,18,56,56,4,4,0 days 12:38:44.755000,758.7459166666667
ChIJ1Wf3E3phezUR7tR759eYiLo,81.6632,2022-05-27 22:37:03.645000+00:00,2022-05-27 22:49:02.181000+00:00,MAIN,SINGLE_PLACE,Soha 2-dong Community Service Center,대한민국 경기도 광명시 소하2동 성채로 52,37.4320718,126.8801051,37.4322086,126.8804929,Asia/Seoul,2022-05-28 07:37:03.645,2022-05-28 07:49:02.181,2022,2022,5,5,27,28,22,7,37,37,4,5,0 days 00:11:58.536000,11.975600000000002
ChIJxV6uLA7GejURMs8M-AjFvaA,95.610565,2022-05-28 00:44:27.493000+00:00,2022-05-28 01:06:23.112000+00:00,MAIN,SINGLE_PLACE,Jeongan Service Area,"대한민국 충청남도 공주시 정안면
논산천안고속도로 57-1",36.5711276,127.1121651,36.5708833,127.1122633,Asia/Seoul,2022-05-28 09:44:27.493,2022-05-28 10:06:23.112,2022,2022,5,5,28,28,0,9,44,44,5,5,0 days 00:21:55.619000,21.926983333333336
ChIJSwE_P1A7cDUR61oVx-prd4o,99.234695,2022-05-28 02:25:30.732000+00:00,2022-05-28 03:20:07.546000+00:00,MAIN,SINGLE_PLACE,현대옥 전주본점,"대한민국 전라북도 전주시 중화산동2가 화산천변2길 7-4
KR",35.8197151,127.1171649,35.8197548,127.1170211,Asia/Seoul,2022-05-28 11:25:30.732,2022-05-28 12:20:07.546,2022,2022,5,5,28,28,2,11,25,25,5,5,0 days 00:54:36.814000,54.61356666666667
ChIJ7cYrwWMjcDURAuTCRbxvfhA,72.61568,2022-05-28 06:05:05.236000+00:00,2022-05-28 06:56:55.359000+00:00,MAIN,SINGLE_PLACE,전주한옥마을전망대카페,"대한민국 전라북도 전주시 완산구 남노송동 98-13
KR",35.8177903,127.1538172,35.8177994,127.15385,Asia/Seoul,2022-05-28 15:05:05.236,2022-05-28 15:56:55.359,2022,2022,5,5,28,28,6,15,5,5,5,5,0 days 00:51:50.123000,51.83538333333333
ChIJqYCoR9g8cDURBZv4awMXfws,97.72989,2022-05-28 07:14:01.031000+00:00,2022-05-28 07:50:37+00:00,MAIN,SINGLE_PLACE,Honamgag,"대한민국 전라북도 전주시 덕진구 송천동2가 560-3
KR",35.8652338,127.1140095,35.865017,127.1137496,Asia/Seoul,2022-05-28 16:14:01.031,2022-05-28 16:50:37.000,2022,2022,5,5,28,28,7,16,14,14,5,5,0 days 00:36:35.969000,36.59948333333333
ChIJ6601tRrGejURMVbZlQO4Qv8,92.490944,2022-05-28 08:44:41+00:00,2022-05-28 08:59:04.303000+00:00,TRANSITIONAL,SINGLE_PLACE,Jeongan Service Area,,36.5695196,127.1150441,36.5701023,127.1149074,Asia/Seoul,2022-05-28 17:44:41.000,2022-05-28 17:59:04.303,2022,2022,5,5,28,28,8,17,44,44,5,5,0 days 00:14:23.303000,14.388383333333334
ChIJiWKXIGxhezURSdDzm8-jpb0,53.257496,2022-05-28 10:39:06.175000+00:00,2022-05-29 01:51:17.193000+00:00,MAIN,SINGLE_PLACE,501 광명역세권휴먼시아5단지,대한민국 광명시 소하2동,37.4308554,126.8842593,37.4309487,126.8841587,Asia/Seoul,2022-05-28 19:39:06.175,2022-05-29 10:51:17.193,2022,2022,5,5,28,28,10,19,39,39,5,5,0 days 15:12:11.018000,912.1836333333334
ChIJif2a9EFhezURHkD8egX3ht0,77.54561,2022-05-29 01:56:45.201000+00:00,2022-05-29 03:56:54.116000+00:00,MAIN,SINGLE_PLACE,LOTTE Mall Gwangmyeong,대한민국 경기도 광명시 일직로 17,37.4245517,126.8842226,37.4247216,126.8843612,Asia/Seoul,2022-05-29 10:56:45.201,2022-05-29 12:56:54.116,2022,2022,5,5,29,29,1,10,56,56,6,6,0 days 02:00:08.915000,120.14858333333335
ChIJe_OEVTZhezURZVZOKT15c9A,82.448265,2022-05-29 04:04:34.437000+00:00,2022-05-29 04:56:10.241000+00:00,MAIN,SINGLE_PLACE,중앙대학교광명병원,대한민국 경기도 광명시 일직동 501,37.4242139,126.8860203,37.4243728,126.8865894,Asia/Seoul,2022-05-29 13:04:34.437,2022-05-29 13:56:10.241,2022,2022,5,5,29,29,4,13,4,4,6,6,0 days 00:51:35.804000,51.59673333333333
ChIJiWKXIGxhezURSdDzm8-jpb0,65.56504,2022-05-29 05:13:53.788000+00:00,2022-05-30 00:23:38.362000+00:00,MAIN,SINGLE_PLACE,501 광명역세권휴먼시아5단지,대한민국 광명시 소하2동,37.4308554,126.8842593,37.4308513,126.8841564,Asia/Seoul,2022-05-29 14:13:53.788,2022-05-30 09:23:38.362,2022,2022,5,5,29,29,5,14,13,13,6,6,0 days 19:09:44.574000,1149.7429000000002
ChIJkT4EGUFhezURmFNNjUBhZdw,93.71764,2022-05-30 00:52:54.475000+00:00,2022-05-30 02:07:52.426000+00:00,MAIN,SINGLE_PLACE,Costco Wholesale - Gwangmyeong Branch,대한민국 경기도 광명시 일직로 40,37.4206838,126.8864277,37.4208992,126.8858954,Asia/Seoul,2022-05-30 09:52:54.475,2022-05-30 11:07:52.426,2022,2022,5,5,30,30,0,9,52,52,0,0,0 days 01:14:57.951000,74.96585
ChIJiWKXIGxhezURSdDzm8-jpb0,57.597305,2022-05-30 02:22:31.502000+00:00,2022-05-30 09:50:19+00:00,MAIN,SINGLE_PLACE,501 광명역세권휴먼시아5단지,대한민국 광명시 소하2동,37.4308554,126.8842593,37.4309658,126.884075,Asia/Seoul,2022-05-30 11:22:31.502,2022-05-30 18:50:19.000,2022,2022,5,5,30,30,2,11,22,22,0,0,0 days 07:27:47.498000,447.7916333333334
ChIJiWKXIGxhezURSdDzm8-jpb0,48.73679,2022-05-30 10:50:56.788000+00:00,2022-06-01 03:59:57.914000+00:00,MAIN,SINGLE_PLACE,501 광명역세권휴먼시아5단지,대한민국 광명시 소하2동,37.4308554,126.8842593,37.4309204,126.8841654,Asia/Seoul,2022-05-30 19:50:56.788,2022-06-01 12:59:57.914,2022,2022,5,5,30,30,10,19,50,50,0,0,1 days 17:09:01.126000,2469.018766666667
